"Plate","CellID"
"LNS_W0_P1_1","LNS_W0_P1_1.X1"
"LNS_W0_P1_1","LNS_W0_P1_1.X8"
"LNS_W0_P1_1","LNS_W0_P1_1.X10"
"LNS_W0_P1_1","LNS_W0_P1_1.X12"
"LNS_W0_P1_1","LNS_W0_P1_1.X16"
"LNS_W0_P1_1","LNS_W0_P1_1.X18"
"LNS_W0_P1_1","LNS_W0_P1_1.X22"
"LNS_W0_P1_1","LNS_W0_P1_1.X23"
"LNS_W0_P1_1","LNS_W0_P1_1.X24"
"LNS_W0_P1_1","LNS_W0_P1_1.X27"
"LNS_W0_P1_1","LNS_W0_P1_1.X28"
"LNS_W0_P1_1","LNS_W0_P1_1.X29"
"LNS_W0_P1_1","LNS_W0_P1_1.X30"
"LNS_W0_P1_1","LNS_W0_P1_1.X31"
"LNS_W0_P1_1","LNS_W0_P1_1.X32"
"LNS_W0_P1_1","LNS_W0_P1_1.X36"
"LNS_W0_P1_1","LNS_W0_P1_1.X37"
"LNS_W0_P1_1","LNS_W0_P1_1.X39"
"LNS_W0_P1_1","LNS_W0_P1_1.X40"
"LNS_W0_P1_1","LNS_W0_P1_1.X41"
"LNS_W0_P1_1","LNS_W0_P1_1.X44"
"LNS_W0_P1_1","LNS_W0_P1_1.X45"
"LNS_W0_P1_1","LNS_W0_P1_1.X46"
"LNS_W0_P1_1","LNS_W0_P1_1.X47"
"LNS_W0_P1_1","LNS_W0_P1_1.X48"
"LNS_W0_P1_1","LNS_W0_P1_1.X50"
"LNS_W0_P1_1","LNS_W0_P1_1.X51"
"LNS_W0_P1_1","LNS_W0_P1_1.X52"
"LNS_W0_P1_1","LNS_W0_P1_1.X54"
"LNS_W0_P1_1","LNS_W0_P1_1.X56"
"LNS_W0_P1_1","LNS_W0_P1_1.X57"
"LNS_W0_P1_1","LNS_W0_P1_1.X61"
"LNS_W0_P1_1","LNS_W0_P1_1.X62"
"LNS_W0_P1_1","LNS_W0_P1_1.X63"
"LNS_W0_P1_1","LNS_W0_P1_1.X64"
"LNS_W0_P1_1","LNS_W0_P1_1.X69"
"LNS_W0_P1_1","LNS_W0_P1_1.X70"
"LNS_W0_P1_1","LNS_W0_P1_1.X71"
"LNS_W0_P1_1","LNS_W0_P1_1.X72"
"LNS_W0_P1_1","LNS_W0_P1_1.X74"
"LNS_W0_P1_1","LNS_W0_P1_1.X75"
"LNS_W0_P1_1","LNS_W0_P1_1.X76"
"LNS_W0_P1_1","LNS_W0_P1_1.X80"
"LNS_W0_P1_1","LNS_W0_P1_1.X81"
"LNS_W0_P1_1","LNS_W0_P1_1.X82"
"LNS_W0_P1_1","LNS_W0_P1_1.X85"
"LNS_W0_P1_1","LNS_W0_P1_1.X88"
"LNS_W0_P1_1","LNS_W0_P1_1.X89"
"LNS_W0_P1_1","LNS_W0_P1_1.X90"
"LNS_W0_P1_1","LNS_W0_P1_1.X91"
"LNS_W0_P1_1","LNS_W0_P1_1.X92"
"LNS_W0_P1_1","LNS_W0_P1_1.X93"
"LNS_W0_P1_1","LNS_W0_P1_1.X94"
"LNS_W0_P1_1","LNS_W0_P1_1.X95"
"LNS_W0_P1_1","LNS_W0_P1_1.X96"
"LNS_W0_P4_1","LNS_W0_P4_1.X6"
"LNS_W0_P4_1","LNS_W0_P4_1.X7"
"LNS_W0_P4_1","LNS_W0_P4_1.X8"
"LNS_W0_P4_1","LNS_W0_P4_1.X15"
"LNS_W0_P4_1","LNS_W0_P4_1.X16"
"LNS_W0_P4_1","LNS_W0_P4_1.X22"
"LNS_W0_P4_1","LNS_W0_P4_1.X30"
"LNS_W0_P4_1","LNS_W0_P4_1.X31"
"LNS_W0_P4_1","LNS_W0_P4_1.X32"
"LNS_W0_P4_1","LNS_W0_P4_1.X37"
"LNS_W0_P4_1","LNS_W0_P4_1.X38"
"LNS_W0_P4_1","LNS_W0_P4_1.X39"
"LNS_W0_P4_1","LNS_W0_P4_1.X40"
"LNS_W0_P4_1","LNS_W0_P4_1.X45"
"LNS_W0_P4_1","LNS_W0_P4_1.X47"
"LNS_W0_P4_1","LNS_W0_P4_1.X55"
"LNS_W0_P4_1","LNS_W0_P4_1.X56"
"LNS_W0_P4_1","LNS_W0_P4_1.X58"
"LNS_W0_P4_1","LNS_W0_P4_1.X62"
"LNS_W0_P4_1","LNS_W0_P4_1.X63"
"LNS_W0_P4_1","LNS_W0_P4_1.X66"
"LNS_W0_P4_1","LNS_W0_P4_1.X69"
"LNS_W0_P4_1","LNS_W0_P4_1.X72"
"LNS_W0_P4_1","LNS_W0_P4_1.X79"
"LNS_W0_P4_1","LNS_W0_P4_1.X80"
"LNS_W0_P4_1","LNS_W0_P4_1.X92"
"LNS_W0_P4_1","LNS_W0_P4_1.X96"
"LNS_W0_P1_2","LNS_W0_P1_2.X97"
"LNS_W0_P1_2","LNS_W0_P1_2.X98"
"LNS_W0_P1_2","LNS_W0_P1_2.X100"
"LNS_W0_P1_2","LNS_W0_P1_2.X102"
"LNS_W0_P1_2","LNS_W0_P1_2.X103"
"LNS_W0_P1_2","LNS_W0_P1_2.X104"
"LNS_W0_P1_2","LNS_W0_P1_2.X105"
"LNS_W0_P1_2","LNS_W0_P1_2.X106"
"LNS_W0_P1_2","LNS_W0_P1_2.X107"
"LNS_W0_P1_2","LNS_W0_P1_2.X109"
"LNS_W0_P1_2","LNS_W0_P1_2.X110"
"LNS_W0_P1_2","LNS_W0_P1_2.X111"
"LNS_W0_P1_2","LNS_W0_P1_2.X112"
"LNS_W0_P1_2","LNS_W0_P1_2.X113"
"LNS_W0_P1_2","LNS_W0_P1_2.X115"
"LNS_W0_P1_2","LNS_W0_P1_2.X117"
"LNS_W0_P1_2","LNS_W0_P1_2.X118"
"LNS_W0_P1_2","LNS_W0_P1_2.X119"
"LNS_W0_P1_2","LNS_W0_P1_2.X120"
"LNS_W0_P1_2","LNS_W0_P1_2.X121"
"LNS_W0_P1_2","LNS_W0_P1_2.X122"
"LNS_W0_P1_2","LNS_W0_P1_2.X123"
"LNS_W0_P1_2","LNS_W0_P1_2.X124"
"LNS_W0_P1_2","LNS_W0_P1_2.X126"
"LNS_W0_P1_2","LNS_W0_P1_2.X128"
"LNS_W0_P1_2","LNS_W0_P1_2.X129"
"LNS_W0_P1_2","LNS_W0_P1_2.X132"
"LNS_W0_P1_2","LNS_W0_P1_2.X134"
"LNS_W0_P1_2","LNS_W0_P1_2.X135"
"LNS_W0_P1_2","LNS_W0_P1_2.X136"
"LNS_W0_P1_2","LNS_W0_P1_2.X137"
"LNS_W0_P1_2","LNS_W0_P1_2.X138"
"LNS_W0_P1_2","LNS_W0_P1_2.X143"
"LNS_W0_P1_2","LNS_W0_P1_2.X144"
"LNS_W0_P1_2","LNS_W0_P1_2.X145"
"LNS_W0_P1_2","LNS_W0_P1_2.X146"
"LNS_W0_P1_2","LNS_W0_P1_2.X147"
"LNS_W0_P1_2","LNS_W0_P1_2.X149"
"LNS_W0_P1_2","LNS_W0_P1_2.X151"
"LNS_W0_P1_2","LNS_W0_P1_2.X152"
"LNS_W0_P1_2","LNS_W0_P1_2.X153"
"LNS_W0_P1_2","LNS_W0_P1_2.X154"
"LNS_W0_P1_2","LNS_W0_P1_2.X156"
"LNS_W0_P1_2","LNS_W0_P1_2.X157"
"LNS_W0_P1_2","LNS_W0_P1_2.X158"
"LNS_W0_P1_2","LNS_W0_P1_2.X159"
"LNS_W0_P1_2","LNS_W0_P1_2.X160"
"LNS_W0_P1_2","LNS_W0_P1_2.X163"
"LNS_W0_P1_2","LNS_W0_P1_2.X165"
"LNS_W0_P1_2","LNS_W0_P1_2.X166"
"LNS_W0_P1_2","LNS_W0_P1_2.X167"
"LNS_W0_P1_2","LNS_W0_P1_2.X168"
"LNS_W0_P1_2","LNS_W0_P1_2.X169"
"LNS_W0_P1_2","LNS_W0_P1_2.X170"
"LNS_W0_P1_2","LNS_W0_P1_2.X173"
"LNS_W0_P1_2","LNS_W0_P1_2.X174"
"LNS_W0_P1_2","LNS_W0_P1_2.X175"
"LNS_W0_P1_2","LNS_W0_P1_2.X176"
"LNS_W0_P1_2","LNS_W0_P1_2.X177"
"LNS_W0_P1_2","LNS_W0_P1_2.X179"
"LNS_W0_P1_2","LNS_W0_P1_2.X181"
"LNS_W0_P1_2","LNS_W0_P1_2.X182"
"LNS_W0_P1_2","LNS_W0_P1_2.X184"
"LNS_W0_P1_2","LNS_W0_P1_2.X186"
"LNS_W0_P1_2","LNS_W0_P1_2.X187"
"LNS_W0_P1_2","LNS_W0_P1_2.X188"
"LNS_W0_P1_2","LNS_W0_P1_2.X190"
"LNS_W0_P1_2","LNS_W0_P1_2.X191"
"LNS_W0_P1_2","LNS_W0_P1_2.X192"
"LNS_W0_P4_2","LNS_W0_P4_2.X101"
"LNS_W0_P4_2","LNS_W0_P4_2.X109"
"LNS_W0_P4_2","LNS_W0_P4_2.X112"
"LNS_W0_P4_2","LNS_W0_P4_2.X118"
"LNS_W0_P4_2","LNS_W0_P4_2.X120"
"LNS_W0_P4_2","LNS_W0_P4_2.X125"
"LNS_W0_P4_2","LNS_W0_P4_2.X126"
"LNS_W0_P4_2","LNS_W0_P4_2.X127"
"LNS_W0_P4_2","LNS_W0_P4_2.X128"
"LNS_W0_P4_2","LNS_W0_P4_2.X143"
"LNS_W0_P4_2","LNS_W0_P4_2.X144"
"LNS_W0_P4_2","LNS_W0_P4_2.X150"
"LNS_W0_P4_2","LNS_W0_P4_2.X151"
"LNS_W0_P4_2","LNS_W0_P4_2.X152"
"LNS_W0_P4_2","LNS_W0_P4_2.X158"
"LNS_W0_P4_2","LNS_W0_P4_2.X159"
"LNS_W0_P4_2","LNS_W0_P4_2.X160"
"LNS_W0_P4_2","LNS_W0_P4_2.X164"
"LNS_W0_P4_2","LNS_W0_P4_2.X167"
"LNS_W0_P4_2","LNS_W0_P4_2.X168"
"LNS_W0_P4_2","LNS_W0_P4_2.X173"
"LNS_W0_P4_2","LNS_W0_P4_2.X183"
"LNS_W0_P4_2","LNS_W0_P4_2.X184"
"LNS_W0_P4_2","LNS_W0_P4_2.X192"
"LNS_W0_P1_3","LNS_W0_P1_3.X3"
"LNS_W0_P1_3","LNS_W0_P1_3.X5"
"LNS_W0_P1_3","LNS_W0_P1_3.X9"
"LNS_W0_P1_3","LNS_W0_P1_3.X12"
"LNS_W0_P1_3","LNS_W0_P1_3.X14"
"LNS_W0_P1_3","LNS_W0_P1_3.X15"
"LNS_W0_P1_3","LNS_W0_P1_3.X16"
"LNS_W0_P1_3","LNS_W0_P1_3.X18"
"LNS_W0_P1_3","LNS_W0_P1_3.X19"
"LNS_W0_P1_3","LNS_W0_P1_3.X20"
"LNS_W0_P1_3","LNS_W0_P1_3.X24"
"LNS_W0_P1_3","LNS_W0_P1_3.X25"
"LNS_W0_P1_3","LNS_W0_P1_3.X26"
"LNS_W0_P1_3","LNS_W0_P1_3.X28"
"LNS_W0_P1_3","LNS_W0_P1_3.X29"
"LNS_W0_P1_3","LNS_W0_P1_3.X30"
"LNS_W0_P1_3","LNS_W0_P1_3.X32"
"LNS_W0_P1_3","LNS_W0_P1_3.X33"
"LNS_W0_P1_3","LNS_W0_P1_3.X37"
"LNS_W0_P1_3","LNS_W0_P1_3.X38"
"LNS_W0_P1_3","LNS_W0_P1_3.X39"
"LNS_W0_P1_3","LNS_W0_P1_3.X40"
"LNS_W0_P1_3","LNS_W0_P1_3.X42"
"LNS_W0_P1_3","LNS_W0_P1_3.X43"
"LNS_W0_P1_3","LNS_W0_P1_3.X44"
"LNS_W0_P1_3","LNS_W0_P1_3.X45"
"LNS_W0_P1_3","LNS_W0_P1_3.X46"
"LNS_W0_P1_3","LNS_W0_P1_3.X48"
"LNS_W0_P1_3","LNS_W0_P1_3.X49"
"LNS_W0_P1_3","LNS_W0_P1_3.X50"
"LNS_W0_P1_3","LNS_W0_P1_3.X53"
"LNS_W0_P1_3","LNS_W0_P1_3.X54"
"LNS_W0_P1_3","LNS_W0_P1_3.X55"
"LNS_W0_P1_3","LNS_W0_P1_3.X57"
"LNS_W0_P1_3","LNS_W0_P1_3.X60"
"LNS_W0_P1_3","LNS_W0_P1_3.X61"
"LNS_W0_P1_3","LNS_W0_P1_3.X62"
"LNS_W0_P1_3","LNS_W0_P1_3.X63"
"LNS_W0_P1_3","LNS_W0_P1_3.X64"
"LNS_W0_P1_3","LNS_W0_P1_3.X65"
"LNS_W0_P1_3","LNS_W0_P1_3.X68"
"LNS_W0_P1_3","LNS_W0_P1_3.X69"
"LNS_W0_P1_3","LNS_W0_P1_3.X70"
"LNS_W0_P1_3","LNS_W0_P1_3.X71"
"LNS_W0_P1_3","LNS_W0_P1_3.X72"
"LNS_W0_P1_3","LNS_W0_P1_3.X76"
"LNS_W0_P1_3","LNS_W0_P1_3.X77"
"LNS_W0_P1_3","LNS_W0_P1_3.X78"
"LNS_W0_P1_3","LNS_W0_P1_3.X79"
"LNS_W0_P1_3","LNS_W0_P1_3.X80"
"LNS_W0_P1_3","LNS_W0_P1_3.X81"
"LNS_W0_P1_3","LNS_W0_P1_3.X83"
"LNS_W0_P1_3","LNS_W0_P1_3.X86"
"LNS_W0_P1_3","LNS_W0_P1_3.X87"
"LNS_W0_P1_3","LNS_W0_P1_3.X88"
"LNS_W0_P1_3","LNS_W0_P1_3.X89"
"LNS_W0_P1_3","LNS_W0_P1_3.X90"
"LNS_W0_P1_3","LNS_W0_P1_3.X91"
"LNS_W0_P1_3","LNS_W0_P1_3.X92"
"LNS_W0_P1_3","LNS_W0_P1_3.X93"
"LNS_W0_P1_3","LNS_W0_P1_3.X94"
"LNS_W0_P1_3","LNS_W0_P1_3.X95"
"LNS_W0_P1_3","LNS_W0_P1_3.X96"
"LNS_W0_P4_3","LNS_W0_P4_3.X5"
"LNS_W0_P4_3","LNS_W0_P4_3.X16"
"LNS_W0_P4_3","LNS_W0_P4_3.X23"
"LNS_W0_P4_3","LNS_W0_P4_3.X24"
"LNS_W0_P4_3","LNS_W0_P4_3.X36"
"LNS_W0_P4_3","LNS_W0_P4_3.X37"
"LNS_W0_P4_3","LNS_W0_P4_3.X44"
"LNS_W0_P4_3","LNS_W0_P4_3.X46"
"LNS_W0_P4_3","LNS_W0_P4_3.X47"
"LNS_W0_P4_3","LNS_W0_P4_3.X48"
"LNS_W0_P4_3","LNS_W0_P4_3.X49"
"LNS_W0_P4_3","LNS_W0_P4_3.X56"
"LNS_W0_P4_3","LNS_W0_P4_3.X60"
"LNS_W0_P4_3","LNS_W0_P4_3.X62"
"LNS_W0_P4_3","LNS_W0_P4_3.X63"
"LNS_W0_P4_3","LNS_W0_P4_3.X64"
"LNS_W0_P4_3","LNS_W0_P4_3.X69"
"LNS_W0_P4_3","LNS_W0_P4_3.X72"
"LNS_W0_P4_3","LNS_W0_P4_3.X77"
"LNS_W0_P4_3","LNS_W0_P4_3.X78"
"LNS_W0_P4_3","LNS_W0_P4_3.X80"
"LNS_W0_P4_3","LNS_W0_P4_3.X88"
"LNS_W0_P4_3","LNS_W0_P4_3.X95"
"LNS_W0_P1_4","LNS_W0_P1_4.X97"
"LNS_W0_P1_4","LNS_W0_P1_4.X99"
"LNS_W0_P1_4","LNS_W0_P1_4.X103"
"LNS_W0_P1_4","LNS_W0_P1_4.X106"
"LNS_W0_P1_4","LNS_W0_P1_4.X108"
"LNS_W0_P1_4","LNS_W0_P1_4.X111"
"LNS_W0_P1_4","LNS_W0_P1_4.X113"
"LNS_W0_P1_4","LNS_W0_P1_4.X114"
"LNS_W0_P1_4","LNS_W0_P1_4.X115"
"LNS_W0_P1_4","LNS_W0_P1_4.X116"
"LNS_W0_P1_4","LNS_W0_P1_4.X117"
"LNS_W0_P1_4","LNS_W0_P1_4.X118"
"LNS_W0_P1_4","LNS_W0_P1_4.X119"
"LNS_W0_P1_4","LNS_W0_P1_4.X120"
"LNS_W0_P1_4","LNS_W0_P1_4.X123"
"LNS_W0_P1_4","LNS_W0_P1_4.X124"
"LNS_W0_P1_4","LNS_W0_P1_4.X126"
"LNS_W0_P1_4","LNS_W0_P1_4.X128"
"LNS_W0_P1_4","LNS_W0_P1_4.X131"
"LNS_W0_P1_4","LNS_W0_P1_4.X132"
"LNS_W0_P1_4","LNS_W0_P1_4.X134"
"LNS_W0_P1_4","LNS_W0_P1_4.X136"
"LNS_W0_P1_4","LNS_W0_P1_4.X137"
"LNS_W0_P1_4","LNS_W0_P1_4.X140"
"LNS_W0_P1_4","LNS_W0_P1_4.X141"
"LNS_W0_P1_4","LNS_W0_P1_4.X142"
"LNS_W0_P1_4","LNS_W0_P1_4.X144"
"LNS_W0_P1_4","LNS_W0_P1_4.X145"
"LNS_W0_P1_4","LNS_W0_P1_4.X150"
"LNS_W0_P1_4","LNS_W0_P1_4.X151"
"LNS_W0_P1_4","LNS_W0_P1_4.X152"
"LNS_W0_P1_4","LNS_W0_P1_4.X156"
"LNS_W0_P1_4","LNS_W0_P1_4.X157"
"LNS_W0_P1_4","LNS_W0_P1_4.X159"
"LNS_W0_P1_4","LNS_W0_P1_4.X160"
"LNS_W0_P1_4","LNS_W0_P1_4.X161"
"LNS_W0_P1_4","LNS_W0_P1_4.X162"
"LNS_W0_P1_4","LNS_W0_P1_4.X163"
"LNS_W0_P1_4","LNS_W0_P1_4.X167"
"LNS_W0_P1_4","LNS_W0_P1_4.X168"
"LNS_W0_P1_4","LNS_W0_P1_4.X169"
"LNS_W0_P1_4","LNS_W0_P1_4.X171"
"LNS_W0_P1_4","LNS_W0_P1_4.X172"
"LNS_W0_P1_4","LNS_W0_P1_4.X173"
"LNS_W0_P1_4","LNS_W0_P1_4.X174"
"LNS_W0_P1_4","LNS_W0_P1_4.X175"
"LNS_W0_P1_4","LNS_W0_P1_4.X176"
"LNS_W0_P1_4","LNS_W0_P1_4.X177"
"LNS_W0_P1_4","LNS_W0_P1_4.X178"
"LNS_W0_P1_4","LNS_W0_P1_4.X179"
"LNS_W0_P1_4","LNS_W0_P1_4.X182"
"LNS_W0_P1_4","LNS_W0_P1_4.X183"
"LNS_W0_P1_4","LNS_W0_P1_4.X184"
"LNS_W0_P1_4","LNS_W0_P1_4.X185"
"LNS_W0_P1_4","LNS_W0_P1_4.X187"
"LNS_W0_P1_4","LNS_W0_P1_4.X188"
"LNS_W0_P1_4","LNS_W0_P1_4.X190"
"LNS_W0_P1_4","LNS_W0_P1_4.X192"
"LNS_W0_P4_4","LNS_W0_P4_4.X100"
"LNS_W0_P4_4","LNS_W0_P4_4.X104"
"LNS_W0_P4_4","LNS_W0_P4_4.X111"
"LNS_W0_P4_4","LNS_W0_P4_4.X112"
"LNS_W0_P4_4","LNS_W0_P4_4.X119"
"LNS_W0_P4_4","LNS_W0_P4_4.X120"
"LNS_W0_P4_4","LNS_W0_P4_4.X128"
"LNS_W0_P4_4","LNS_W0_P4_4.X130"
"LNS_W0_P4_4","LNS_W0_P4_4.X136"
"LNS_W0_P4_4","LNS_W0_P4_4.X138"
"LNS_W0_P4_4","LNS_W0_P4_4.X140"
"LNS_W0_P4_4","LNS_W0_P4_4.X142"
"LNS_W0_P4_4","LNS_W0_P4_4.X143"
"LNS_W0_P4_4","LNS_W0_P4_4.X144"
"LNS_W0_P4_4","LNS_W0_P4_4.X149"
"LNS_W0_P4_4","LNS_W0_P4_4.X152"
"LNS_W0_P4_4","LNS_W0_P4_4.X154"
"LNS_W0_P4_4","LNS_W0_P4_4.X158"
"LNS_W0_P4_4","LNS_W0_P4_4.X159"
"LNS_W0_P4_4","LNS_W0_P4_4.X160"
"LNS_W0_P4_4","LNS_W0_P4_4.X167"
"LNS_W0_P4_4","LNS_W0_P4_4.X176"
"LNS_W0_P4_4","LNS_W0_P4_4.X182"
"LNS_W0_P4_4","LNS_W0_P4_4.X183"
"LNS_W0_P4_4","LNS_W0_P4_4.X184"
"LNS_W0_P4_4","LNS_W0_P4_4.X185"
"LNS_W0_P4_4","LNS_W0_P4_4.X189"
"LNS_W0_P4_4","LNS_W0_P4_4.X191"
"LNS_W0_P4_4","LNS_W0_P4_4.X192"
"LNS_W0_P2_5","LNS_W0_P2_5.X1"
"LNS_W0_P2_5","LNS_W0_P2_5.X3"
"LNS_W0_P2_5","LNS_W0_P2_5.X4"
"LNS_W0_P2_5","LNS_W0_P2_5.X5"
"LNS_W0_P2_5","LNS_W0_P2_5.X6"
"LNS_W0_P2_5","LNS_W0_P2_5.X7"
"LNS_W0_P2_5","LNS_W0_P2_5.X10"
"LNS_W0_P2_5","LNS_W0_P2_5.X11"
"LNS_W0_P2_5","LNS_W0_P2_5.X12"
"LNS_W0_P2_5","LNS_W0_P2_5.X14"
"LNS_W0_P2_5","LNS_W0_P2_5.X15"
"LNS_W0_P2_5","LNS_W0_P2_5.X18"
"LNS_W0_P2_5","LNS_W0_P2_5.X19"
"LNS_W0_P2_5","LNS_W0_P2_5.X20"
"LNS_W0_P2_5","LNS_W0_P2_5.X22"
"LNS_W0_P2_5","LNS_W0_P2_5.X23"
"LNS_W0_P2_5","LNS_W0_P2_5.X24"
"LNS_W0_P2_5","LNS_W0_P2_5.X25"
"LNS_W0_P2_5","LNS_W0_P2_5.X28"
"LNS_W0_P2_5","LNS_W0_P2_5.X29"
"LNS_W0_P2_5","LNS_W0_P2_5.X30"
"LNS_W0_P2_5","LNS_W0_P2_5.X31"
"LNS_W0_P2_5","LNS_W0_P2_5.X32"
"LNS_W0_P2_5","LNS_W0_P2_5.X33"
"LNS_W0_P2_5","LNS_W0_P2_5.X34"
"LNS_W0_P2_5","LNS_W0_P2_5.X35"
"LNS_W0_P2_5","LNS_W0_P2_5.X39"
"LNS_W0_P2_5","LNS_W0_P2_5.X44"
"LNS_W0_P2_5","LNS_W0_P2_5.X45"
"LNS_W0_P2_5","LNS_W0_P2_5.X48"
"LNS_W0_P2_5","LNS_W0_P2_5.X50"
"LNS_W0_P2_5","LNS_W0_P2_5.X54"
"LNS_W0_P2_5","LNS_W0_P2_5.X57"
"LNS_W0_P2_5","LNS_W0_P2_5.X58"
"LNS_W0_P2_5","LNS_W0_P2_5.X59"
"LNS_W0_P2_5","LNS_W0_P2_5.X60"
"LNS_W0_P2_5","LNS_W0_P2_5.X61"
"LNS_W0_P2_5","LNS_W0_P2_5.X62"
"LNS_W0_P2_5","LNS_W0_P2_5.X63"
"LNS_W0_P2_5","LNS_W0_P2_5.X65"
"LNS_W0_P2_5","LNS_W0_P2_5.X66"
"LNS_W0_P2_5","LNS_W0_P2_5.X67"
"LNS_W0_P2_5","LNS_W0_P2_5.X70"
"LNS_W0_P2_5","LNS_W0_P2_5.X72"
"LNS_W0_P2_5","LNS_W0_P2_5.X74"
"LNS_W0_P2_5","LNS_W0_P2_5.X75"
"LNS_W0_P2_5","LNS_W0_P2_5.X77"
"LNS_W0_P2_5","LNS_W0_P2_5.X80"
"LNS_W0_P2_5","LNS_W0_P2_5.X81"
"LNS_W0_P2_5","LNS_W0_P2_5.X84"
"LNS_W0_P2_5","LNS_W0_P2_5.X85"
"LNS_W0_P2_5","LNS_W0_P2_5.X88"
"LNS_W0_P2_5","LNS_W0_P2_5.X91"
"LNS_W0_P2_5","LNS_W0_P2_5.X92"
"LNS_W0_P2_5","LNS_W0_P2_5.X95"
"LNS_W0_P2_5","LNS_W0_P2_5.X96"
"LNS_W0_P2_6","LNS_W0_P2_6.X128"
"LNS_W0_P2_6","LNS_W0_P2_6.X129"
"LNS_W0_P2_6","LNS_W0_P2_6.X157"
"LNS_W0_P2_6","LNS_W0_P2_6.X158"
"LNS_W0_P2_6","LNS_W0_P2_6.X176"
"LNS_W0_P2_6","LNS_W0_P2_6.X192"
"LNS_W0_P2_7","LNS_W0_P2_7.X2"
"LNS_W0_P2_7","LNS_W0_P2_7.X4"
"LNS_W0_P2_7","LNS_W0_P2_7.X5"
"LNS_W0_P2_7","LNS_W0_P2_7.X7"
"LNS_W0_P2_7","LNS_W0_P2_7.X9"
"LNS_W0_P2_7","LNS_W0_P2_7.X10"
"LNS_W0_P2_7","LNS_W0_P2_7.X13"
"LNS_W0_P2_7","LNS_W0_P2_7.X14"
"LNS_W0_P2_7","LNS_W0_P2_7.X15"
"LNS_W0_P2_7","LNS_W0_P2_7.X16"
"LNS_W0_P2_7","LNS_W0_P2_7.X17"
"LNS_W0_P2_7","LNS_W0_P2_7.X19"
"LNS_W0_P2_7","LNS_W0_P2_7.X20"
"LNS_W0_P2_7","LNS_W0_P2_7.X21"
"LNS_W0_P2_7","LNS_W0_P2_7.X22"
"LNS_W0_P2_7","LNS_W0_P2_7.X23"
"LNS_W0_P2_7","LNS_W0_P2_7.X24"
"LNS_W0_P2_7","LNS_W0_P2_7.X27"
"LNS_W0_P2_7","LNS_W0_P2_7.X29"
"LNS_W0_P2_7","LNS_W0_P2_7.X32"
"LNS_W0_P2_7","LNS_W0_P2_7.X35"
"LNS_W0_P2_7","LNS_W0_P2_7.X36"
"LNS_W0_P2_7","LNS_W0_P2_7.X37"
"LNS_W0_P2_7","LNS_W0_P2_7.X39"
"LNS_W0_P2_7","LNS_W0_P2_7.X40"
"LNS_W0_P2_7","LNS_W0_P2_7.X43"
"LNS_W0_P2_7","LNS_W0_P2_7.X47"
"LNS_W0_P2_7","LNS_W0_P2_7.X48"
"LNS_W0_P2_7","LNS_W0_P2_7.X49"
"LNS_W0_P2_7","LNS_W0_P2_7.X56"
"LNS_W0_P2_7","LNS_W0_P2_7.X59"
"LNS_W0_P2_7","LNS_W0_P2_7.X61"
"LNS_W0_P2_7","LNS_W0_P2_7.X63"
"LNS_W0_P2_7","LNS_W0_P2_7.X64"
"LNS_W0_P2_7","LNS_W0_P2_7.X65"
"LNS_W0_P2_7","LNS_W0_P2_7.X68"
"LNS_W0_P2_7","LNS_W0_P2_7.X69"
"LNS_W0_P2_7","LNS_W0_P2_7.X72"
"LNS_W0_P2_7","LNS_W0_P2_7.X73"
"LNS_W0_P2_7","LNS_W0_P2_7.X75"
"LNS_W0_P2_7","LNS_W0_P2_7.X77"
"LNS_W0_P2_7","LNS_W0_P2_7.X78"
"LNS_W0_P2_7","LNS_W0_P2_7.X80"
"LNS_W0_P2_7","LNS_W0_P2_7.X81"
"LNS_W0_P2_7","LNS_W0_P2_7.X83"
"LNS_W0_P2_7","LNS_W0_P2_7.X84"
"LNS_W0_P2_7","LNS_W0_P2_7.X85"
"LNS_W0_P2_7","LNS_W0_P2_7.X86"
"LNS_W0_P2_7","LNS_W0_P2_7.X87"
"LNS_W0_P2_7","LNS_W0_P2_7.X88"
"LNS_W0_P2_7","LNS_W0_P2_7.X89"
"LNS_W0_P2_7","LNS_W0_P2_7.X93"
"LNS_W0_P2_7","LNS_W0_P2_7.X94"
"LNS_W0_P2_7","LNS_W0_P2_7.X95"
"LNS_W0_P2_7","LNS_W0_P2_7.X96"
"LNS_W0_P2_8","LNS_W0_P2_8.X97"
"LNS_W0_P2_8","LNS_W0_P2_8.X99"
"LNS_W0_P2_8","LNS_W0_P2_8.X102"
"LNS_W0_P2_8","LNS_W0_P2_8.X104"
"LNS_W0_P2_8","LNS_W0_P2_8.X105"
"LNS_W0_P2_8","LNS_W0_P2_8.X106"
"LNS_W0_P2_8","LNS_W0_P2_8.X107"
"LNS_W0_P2_8","LNS_W0_P2_8.X110"
"LNS_W0_P2_8","LNS_W0_P2_8.X112"
"LNS_W0_P2_8","LNS_W0_P2_8.X115"
"LNS_W0_P2_8","LNS_W0_P2_8.X116"
"LNS_W0_P2_8","LNS_W0_P2_8.X119"
"LNS_W0_P2_8","LNS_W0_P2_8.X120"
"LNS_W0_P2_8","LNS_W0_P2_8.X122"
"LNS_W0_P2_8","LNS_W0_P2_8.X127"
"LNS_W0_P2_8","LNS_W0_P2_8.X128"
"LNS_W0_P2_8","LNS_W0_P2_8.X130"
"LNS_W0_P2_8","LNS_W0_P2_8.X131"
"LNS_W0_P2_8","LNS_W0_P2_8.X136"
"LNS_W0_P2_8","LNS_W0_P2_8.X137"
"LNS_W0_P2_8","LNS_W0_P2_8.X138"
"LNS_W0_P2_8","LNS_W0_P2_8.X143"
"LNS_W0_P2_8","LNS_W0_P2_8.X144"
"LNS_W0_P2_8","LNS_W0_P2_8.X145"
"LNS_W0_P2_8","LNS_W0_P2_8.X147"
"LNS_W0_P2_8","LNS_W0_P2_8.X148"
"LNS_W0_P2_8","LNS_W0_P2_8.X149"
"LNS_W0_P2_8","LNS_W0_P2_8.X150"
"LNS_W0_P2_8","LNS_W0_P2_8.X151"
"LNS_W0_P2_8","LNS_W0_P2_8.X152"
"LNS_W0_P2_8","LNS_W0_P2_8.X155"
"LNS_W0_P2_8","LNS_W0_P2_8.X157"
"LNS_W0_P2_8","LNS_W0_P2_8.X158"
"LNS_W0_P2_8","LNS_W0_P2_8.X159"
"LNS_W0_P2_8","LNS_W0_P2_8.X160"
"LNS_W0_P2_8","LNS_W0_P2_8.X161"
"LNS_W0_P2_8","LNS_W0_P2_8.X162"
"LNS_W0_P2_8","LNS_W0_P2_8.X164"
"LNS_W0_P2_8","LNS_W0_P2_8.X166"
"LNS_W0_P2_8","LNS_W0_P2_8.X168"
"LNS_W0_P2_8","LNS_W0_P2_8.X171"
"LNS_W0_P2_8","LNS_W0_P2_8.X173"
"LNS_W0_P2_8","LNS_W0_P2_8.X175"
"LNS_W0_P2_8","LNS_W0_P2_8.X176"
"LNS_W0_P2_8","LNS_W0_P2_8.X177"
"LNS_W0_P2_8","LNS_W0_P2_8.X178"
"LNS_W0_P2_8","LNS_W0_P2_8.X179"
"LNS_W0_P2_8","LNS_W0_P2_8.X181"
"LNS_W0_P2_8","LNS_W0_P2_8.X182"
"LNS_W0_P2_8","LNS_W0_P2_8.X183"
"LNS_W0_P2_8","LNS_W0_P2_8.X184"
"LNS_W0_P2_8","LNS_W0_P2_8.X185"
"LNS_W0_P2_8","LNS_W0_P2_8.X186"
"LNS_W0_P2_8","LNS_W0_P2_8.X187"
"LNS_W0_P2_8","LNS_W0_P2_8.X188"
"LNS_W0_P2_8","LNS_W0_P2_8.X189"
"LNS_W0_P2_8","LNS_W0_P2_8.X190"
"LNS_W0_P2_8","LNS_W0_P2_8.X191"
"LNS_W0_P2_8","LNS_W0_P2_8.X192"
"LNS_W0_P3_9","LNS_W0_P3_9.X7"
"LNS_W0_P3_9","LNS_W0_P3_9.X8"
"LNS_W0_P3_9","LNS_W0_P3_9.X13"
"LNS_W0_P3_9","LNS_W0_P3_9.X14"
"LNS_W0_P3_9","LNS_W0_P3_9.X15"
"LNS_W0_P3_9","LNS_W0_P3_9.X16"
"LNS_W0_P3_9","LNS_W0_P3_9.X21"
"LNS_W0_P3_9","LNS_W0_P3_9.X22"
"LNS_W0_P3_9","LNS_W0_P3_9.X23"
"LNS_W0_P3_9","LNS_W0_P3_9.X24"
"LNS_W0_P3_9","LNS_W0_P3_9.X29"
"LNS_W0_P3_9","LNS_W0_P3_9.X30"
"LNS_W0_P3_9","LNS_W0_P3_9.X31"
"LNS_W0_P3_9","LNS_W0_P3_9.X32"
"LNS_W0_P3_9","LNS_W0_P3_9.X40"
"LNS_W0_P3_9","LNS_W0_P3_9.X44"
"LNS_W0_P3_9","LNS_W0_P3_9.X47"
"LNS_W0_P3_9","LNS_W0_P3_9.X48"
"LNS_W0_P3_9","LNS_W0_P3_9.X49"
"LNS_W0_P3_9","LNS_W0_P3_9.X56"
"LNS_W0_P3_9","LNS_W0_P3_9.X63"
"LNS_W0_P3_9","LNS_W0_P3_9.X64"
"LNS_W0_P3_9","LNS_W0_P3_9.X65"
"LNS_W0_P3_9","LNS_W0_P3_9.X68"
"LNS_W0_P3_9","LNS_W0_P3_9.X71"
"LNS_W0_P3_9","LNS_W0_P3_9.X72"
"LNS_W0_P3_9","LNS_W0_P3_9.X76"
"LNS_W0_P3_9","LNS_W0_P3_9.X78"
"LNS_W0_P3_9","LNS_W0_P3_9.X79"
"LNS_W0_P3_9","LNS_W0_P3_9.X80"
"LNS_W0_P3_9","LNS_W0_P3_9.X87"
"LNS_W0_P3_9","LNS_W0_P3_9.X88"
"LNS_W0_P3_9","LNS_W0_P3_9.X94"
"LNS_W0_P3_9","LNS_W0_P3_9.X96"
"LNS_W0_P3_10","LNS_W0_P3_10.X101"
"LNS_W0_P3_10","LNS_W0_P3_10.X102"
"LNS_W0_P3_10","LNS_W0_P3_10.X110"
"LNS_W0_P3_10","LNS_W0_P3_10.X111"
"LNS_W0_P3_10","LNS_W0_P3_10.X112"
"LNS_W0_P3_10","LNS_W0_P3_10.X113"
"LNS_W0_P3_10","LNS_W0_P3_10.X118"
"LNS_W0_P3_10","LNS_W0_P3_10.X120"
"LNS_W0_P3_10","LNS_W0_P3_10.X124"
"LNS_W0_P3_10","LNS_W0_P3_10.X125"
"LNS_W0_P3_10","LNS_W0_P3_10.X126"
"LNS_W0_P3_10","LNS_W0_P3_10.X127"
"LNS_W0_P3_10","LNS_W0_P3_10.X128"
"LNS_W0_P3_10","LNS_W0_P3_10.X133"
"LNS_W0_P3_10","LNS_W0_P3_10.X134"
"LNS_W0_P3_10","LNS_W0_P3_10.X135"
"LNS_W0_P3_10","LNS_W0_P3_10.X136"
"LNS_W0_P3_10","LNS_W0_P3_10.X138"
"LNS_W0_P3_10","LNS_W0_P3_10.X140"
"LNS_W0_P3_10","LNS_W0_P3_10.X143"
"LNS_W0_P3_10","LNS_W0_P3_10.X144"
"LNS_W0_P3_10","LNS_W0_P3_10.X151"
"LNS_W0_P3_10","LNS_W0_P3_10.X152"
"LNS_W0_P3_10","LNS_W0_P3_10.X157"
"LNS_W0_P3_10","LNS_W0_P3_10.X159"
"LNS_W0_P3_10","LNS_W0_P3_10.X160"
"LNS_W0_P3_10","LNS_W0_P3_10.X161"
"LNS_W0_P3_10","LNS_W0_P3_10.X165"
"LNS_W0_P3_10","LNS_W0_P3_10.X167"
"LNS_W0_P3_10","LNS_W0_P3_10.X168"
"LNS_W0_P3_10","LNS_W0_P3_10.X173"
"LNS_W0_P3_10","LNS_W0_P3_10.X175"
"LNS_W0_P3_10","LNS_W0_P3_10.X176"
"LNS_W0_P3_10","LNS_W0_P3_10.X179"
"LNS_W0_P3_10","LNS_W0_P3_10.X181"
"LNS_W0_P3_10","LNS_W0_P3_10.X184"
"LNS_W0_P3_10","LNS_W0_P3_10.X185"
"LNS_W0_P3_10","LNS_W0_P3_10.X187"
"LNS_W0_P3_10","LNS_W0_P3_10.X190"
"LNS_W0_P3_10","LNS_W0_P3_10.X192"
"LNS_W0_P3_11","LNS_W0_P3_11.X2"
"LNS_W0_P3_11","LNS_W0_P3_11.X12"
"LNS_W0_P3_11","LNS_W0_P3_11.X16"
"LNS_W0_P3_11","LNS_W0_P3_11.X19"
"LNS_W0_P3_11","LNS_W0_P3_11.X20"
"LNS_W0_P3_11","LNS_W0_P3_11.X22"
"LNS_W0_P3_11","LNS_W0_P3_11.X24"
"LNS_W0_P3_11","LNS_W0_P3_11.X26"
"LNS_W0_P3_11","LNS_W0_P3_11.X32"
"LNS_W0_P3_11","LNS_W0_P3_11.X34"
"LNS_W0_P3_11","LNS_W0_P3_11.X37"
"LNS_W0_P3_11","LNS_W0_P3_11.X39"
"LNS_W0_P3_11","LNS_W0_P3_11.X40"
"LNS_W0_P3_11","LNS_W0_P3_11.X42"
"LNS_W0_P3_11","LNS_W0_P3_11.X44"
"LNS_W0_P3_11","LNS_W0_P3_11.X47"
"LNS_W0_P3_11","LNS_W0_P3_11.X48"
"LNS_W0_P3_11","LNS_W0_P3_11.X54"
"LNS_W0_P3_11","LNS_W0_P3_11.X56"
"LNS_W0_P3_11","LNS_W0_P3_11.X60"
"LNS_W0_P3_11","LNS_W0_P3_11.X62"
"LNS_W0_P3_11","LNS_W0_P3_11.X63"
"LNS_W0_P3_11","LNS_W0_P3_11.X64"
"LNS_W0_P3_11","LNS_W0_P3_11.X68"
"LNS_W0_P3_11","LNS_W0_P3_11.X69"
"LNS_W0_P3_11","LNS_W0_P3_11.X70"
"LNS_W0_P3_11","LNS_W0_P3_11.X71"
"LNS_W0_P3_11","LNS_W0_P3_11.X72"
"LNS_W0_P3_11","LNS_W0_P3_11.X74"
"LNS_W0_P3_11","LNS_W0_P3_11.X76"
"LNS_W0_P3_11","LNS_W0_P3_11.X78"
"LNS_W0_P3_11","LNS_W0_P3_11.X79"
"LNS_W0_P3_11","LNS_W0_P3_11.X80"
"LNS_W0_P3_11","LNS_W0_P3_11.X84"
"LNS_W0_P3_11","LNS_W0_P3_11.X85"
"LNS_W0_P3_11","LNS_W0_P3_11.X86"
"LNS_W0_P3_11","LNS_W0_P3_11.X88"
"LNS_W0_P3_11","LNS_W0_P3_11.X93"
"LNS_W0_P3_11","LNS_W0_P3_11.X94"
"LNS_W0_P3_11","LNS_W0_P3_11.X95"
"LNS_W0_P3_11","LNS_W0_P3_11.X96"
"LNS_W0_P3_12","LNS_W0_P3_12.X99"
"LNS_W0_P3_12","LNS_W0_P3_12.X101"
"LNS_W0_P3_12","LNS_W0_P3_12.X102"
"LNS_W0_P3_12","LNS_W0_P3_12.X103"
"LNS_W0_P3_12","LNS_W0_P3_12.X104"
"LNS_W0_P3_12","LNS_W0_P3_12.X109"
"LNS_W0_P3_12","LNS_W0_P3_12.X110"
"LNS_W0_P3_12","LNS_W0_P3_12.X111"
"LNS_W0_P3_12","LNS_W0_P3_12.X112"
"LNS_W0_P3_12","LNS_W0_P3_12.X115"
"LNS_W0_P3_12","LNS_W0_P3_12.X116"
"LNS_W0_P3_12","LNS_W0_P3_12.X118"
"LNS_W0_P3_12","LNS_W0_P3_12.X120"
"LNS_W0_P3_12","LNS_W0_P3_12.X122"
"LNS_W0_P3_12","LNS_W0_P3_12.X125"
"LNS_W0_P3_12","LNS_W0_P3_12.X126"
"LNS_W0_P3_12","LNS_W0_P3_12.X127"
"LNS_W0_P3_12","LNS_W0_P3_12.X128"
"LNS_W0_P3_12","LNS_W0_P3_12.X130"
"LNS_W0_P3_12","LNS_W0_P3_12.X131"
"LNS_W0_P3_12","LNS_W0_P3_12.X132"
"LNS_W0_P3_12","LNS_W0_P3_12.X134"
"LNS_W0_P3_12","LNS_W0_P3_12.X137"
"LNS_W0_P3_12","LNS_W0_P3_12.X138"
"LNS_W0_P3_12","LNS_W0_P3_12.X140"
"LNS_W0_P3_12","LNS_W0_P3_12.X141"
"LNS_W0_P3_12","LNS_W0_P3_12.X142"
"LNS_W0_P3_12","LNS_W0_P3_12.X144"
"LNS_W0_P3_12","LNS_W0_P3_12.X147"
"LNS_W0_P3_12","LNS_W0_P3_12.X148"
"LNS_W0_P3_12","LNS_W0_P3_12.X149"
"LNS_W0_P3_12","LNS_W0_P3_12.X152"
"LNS_W0_P3_12","LNS_W0_P3_12.X153"
"LNS_W0_P3_12","LNS_W0_P3_12.X156"
"LNS_W0_P3_12","LNS_W0_P3_12.X157"
"LNS_W0_P3_12","LNS_W0_P3_12.X158"
"LNS_W0_P3_12","LNS_W0_P3_12.X159"
"LNS_W0_P3_12","LNS_W0_P3_12.X160"
"LNS_W0_P3_12","LNS_W0_P3_12.X161"
"LNS_W0_P3_12","LNS_W0_P3_12.X164"
"LNS_W0_P3_12","LNS_W0_P3_12.X165"
"LNS_W0_P3_12","LNS_W0_P3_12.X166"
"LNS_W0_P3_12","LNS_W0_P3_12.X167"
"LNS_W0_P3_12","LNS_W0_P3_12.X168"
"LNS_W0_P3_12","LNS_W0_P3_12.X172"
"LNS_W0_P3_12","LNS_W0_P3_12.X175"
"LNS_W0_P3_12","LNS_W0_P3_12.X178"
"LNS_W0_P3_12","LNS_W0_P3_12.X179"
"LNS_W0_P3_12","LNS_W0_P3_12.X181"
"LNS_W0_P3_12","LNS_W0_P3_12.X183"
"LNS_W0_P3_12","LNS_W0_P3_12.X184"
"LNS_W0_P3_12","LNS_W0_P3_12.X185"
"LNS_W0_P3_12","LNS_W0_P3_12.X189"
"LNS_W0_P3_12","LNS_W0_P3_12.X190"
"LNS_W0_P3_12","LNS_W0_P3_12.X192"
"LNS_W1_P1_5","LNS_W1_P1_5.X3"
"LNS_W1_P1_5","LNS_W1_P1_5.X4"
"LNS_W1_P1_5","LNS_W1_P1_5.X7"
"LNS_W1_P1_5","LNS_W1_P1_5.X12"
"LNS_W1_P1_5","LNS_W1_P1_5.X14"
"LNS_W1_P1_5","LNS_W1_P1_5.X15"
"LNS_W1_P1_5","LNS_W1_P1_5.X16"
"LNS_W1_P1_5","LNS_W1_P1_5.X17"
"LNS_W1_P1_5","LNS_W1_P1_5.X24"
"LNS_W1_P1_5","LNS_W1_P1_5.X31"
"LNS_W1_P1_5","LNS_W1_P1_5.X32"
"LNS_W1_P1_5","LNS_W1_P1_5.X36"
"LNS_W1_P1_5","LNS_W1_P1_5.X38"
"LNS_W1_P1_5","LNS_W1_P1_5.X39"
"LNS_W1_P1_5","LNS_W1_P1_5.X40"
"LNS_W1_P1_5","LNS_W1_P1_5.X43"
"LNS_W1_P1_5","LNS_W1_P1_5.X45"
"LNS_W1_P1_5","LNS_W1_P1_5.X47"
"LNS_W1_P1_5","LNS_W1_P1_5.X54"
"LNS_W1_P1_5","LNS_W1_P1_5.X56"
"LNS_W1_P1_5","LNS_W1_P1_5.X57"
"LNS_W1_P1_5","LNS_W1_P1_5.X61"
"LNS_W1_P1_5","LNS_W1_P1_5.X62"
"LNS_W1_P1_5","LNS_W1_P1_5.X63"
"LNS_W1_P1_5","LNS_W1_P1_5.X64"
"LNS_W1_P1_5","LNS_W1_P1_5.X69"
"LNS_W1_P1_5","LNS_W1_P1_5.X70"
"LNS_W1_P1_5","LNS_W1_P1_5.X71"
"LNS_W1_P1_5","LNS_W1_P1_5.X72"
"LNS_W1_P1_5","LNS_W1_P1_5.X74"
"LNS_W1_P1_5","LNS_W1_P1_5.X76"
"LNS_W1_P1_5","LNS_W1_P1_5.X77"
"LNS_W1_P1_5","LNS_W1_P1_5.X78"
"LNS_W1_P1_5","LNS_W1_P1_5.X79"
"LNS_W1_P1_5","LNS_W1_P1_5.X80"
"LNS_W1_P1_5","LNS_W1_P1_5.X85"
"LNS_W1_P1_5","LNS_W1_P1_5.X86"
"LNS_W1_P1_5","LNS_W1_P1_5.X87"
"LNS_W1_P1_5","LNS_W1_P1_5.X88"
"LNS_W1_P1_5","LNS_W1_P1_5.X92"
"LNS_W1_P1_5","LNS_W1_P1_5.X94"
"LNS_W1_P1_5","LNS_W1_P1_5.X96"
"LNS_W1_P1_6","LNS_W1_P1_6.X100"
"LNS_W1_P1_6","LNS_W1_P1_6.X102"
"LNS_W1_P1_6","LNS_W1_P1_6.X103"
"LNS_W1_P1_6","LNS_W1_P1_6.X108"
"LNS_W1_P1_6","LNS_W1_P1_6.X110"
"LNS_W1_P1_6","LNS_W1_P1_6.X111"
"LNS_W1_P1_6","LNS_W1_P1_6.X112"
"LNS_W1_P1_6","LNS_W1_P1_6.X117"
"LNS_W1_P1_6","LNS_W1_P1_6.X118"
"LNS_W1_P1_6","LNS_W1_P1_6.X119"
"LNS_W1_P1_6","LNS_W1_P1_6.X120"
"LNS_W1_P1_6","LNS_W1_P1_6.X121"
"LNS_W1_P1_6","LNS_W1_P1_6.X128"
"LNS_W1_P1_6","LNS_W1_P1_6.X134"
"LNS_W1_P1_6","LNS_W1_P1_6.X135"
"LNS_W1_P1_6","LNS_W1_P1_6.X142"
"LNS_W1_P1_6","LNS_W1_P1_6.X143"
"LNS_W1_P1_6","LNS_W1_P1_6.X144"
"LNS_W1_P1_6","LNS_W1_P1_6.X147"
"LNS_W1_P1_6","LNS_W1_P1_6.X149"
"LNS_W1_P1_6","LNS_W1_P1_6.X152"
"LNS_W1_P1_6","LNS_W1_P1_6.X156"
"LNS_W1_P1_6","LNS_W1_P1_6.X157"
"LNS_W1_P1_6","LNS_W1_P1_6.X158"
"LNS_W1_P1_6","LNS_W1_P1_6.X159"
"LNS_W1_P1_6","LNS_W1_P1_6.X165"
"LNS_W1_P1_6","LNS_W1_P1_6.X167"
"LNS_W1_P1_6","LNS_W1_P1_6.X174"
"LNS_W1_P1_6","LNS_W1_P1_6.X175"
"LNS_W1_P1_6","LNS_W1_P1_6.X176"
"LNS_W1_P1_6","LNS_W1_P1_6.X180"
"LNS_W1_P1_6","LNS_W1_P1_6.X183"
"LNS_W1_P1_6","LNS_W1_P1_6.X184"
"LNS_W1_P1_6","LNS_W1_P1_6.X187"
"LNS_W1_P1_6","LNS_W1_P1_6.X191"
"LNS_W1_P1_6","LNS_W1_P1_6.X192"
"LNS_W1_P1_7","LNS_W1_P1_7.X2"
"LNS_W1_P1_7","LNS_W1_P1_7.X4"
"LNS_W1_P1_7","LNS_W1_P1_7.X5"
"LNS_W1_P1_7","LNS_W1_P1_7.X6"
"LNS_W1_P1_7","LNS_W1_P1_7.X7"
"LNS_W1_P1_7","LNS_W1_P1_7.X8"
"LNS_W1_P1_7","LNS_W1_P1_7.X12"
"LNS_W1_P1_7","LNS_W1_P1_7.X14"
"LNS_W1_P1_7","LNS_W1_P1_7.X15"
"LNS_W1_P1_7","LNS_W1_P1_7.X23"
"LNS_W1_P1_7","LNS_W1_P1_7.X24"
"LNS_W1_P1_7","LNS_W1_P1_7.X26"
"LNS_W1_P1_7","LNS_W1_P1_7.X27"
"LNS_W1_P1_7","LNS_W1_P1_7.X28"
"LNS_W1_P1_7","LNS_W1_P1_7.X31"
"LNS_W1_P1_7","LNS_W1_P1_7.X32"
"LNS_W1_P1_7","LNS_W1_P1_7.X35"
"LNS_W1_P1_7","LNS_W1_P1_7.X37"
"LNS_W1_P1_7","LNS_W1_P1_7.X40"
"LNS_W1_P1_7","LNS_W1_P1_7.X42"
"LNS_W1_P1_7","LNS_W1_P1_7.X44"
"LNS_W1_P1_7","LNS_W1_P1_7.X45"
"LNS_W1_P1_7","LNS_W1_P1_7.X46"
"LNS_W1_P1_7","LNS_W1_P1_7.X47"
"LNS_W1_P1_7","LNS_W1_P1_7.X48"
"LNS_W1_P1_7","LNS_W1_P1_7.X49"
"LNS_W1_P1_7","LNS_W1_P1_7.X53"
"LNS_W1_P1_7","LNS_W1_P1_7.X54"
"LNS_W1_P1_7","LNS_W1_P1_7.X56"
"LNS_W1_P1_7","LNS_W1_P1_7.X62"
"LNS_W1_P1_7","LNS_W1_P1_7.X63"
"LNS_W1_P1_7","LNS_W1_P1_7.X64"
"LNS_W1_P1_7","LNS_W1_P1_7.X65"
"LNS_W1_P1_7","LNS_W1_P1_7.X71"
"LNS_W1_P1_7","LNS_W1_P1_7.X72"
"LNS_W1_P1_7","LNS_W1_P1_7.X78"
"LNS_W1_P1_7","LNS_W1_P1_7.X79"
"LNS_W1_P1_7","LNS_W1_P1_7.X80"
"LNS_W1_P1_7","LNS_W1_P1_7.X81"
"LNS_W1_P1_7","LNS_W1_P1_7.X84"
"LNS_W1_P1_7","LNS_W1_P1_7.X86"
"LNS_W1_P1_7","LNS_W1_P1_7.X87"
"LNS_W1_P1_7","LNS_W1_P1_7.X88"
"LNS_W1_P1_7","LNS_W1_P1_7.X94"
"LNS_W1_P1_7","LNS_W1_P1_7.X96"
"LNS_W1_P1_8","LNS_W1_P1_8.X99"
"LNS_W1_P1_8","LNS_W1_P1_8.X101"
"LNS_W1_P1_8","LNS_W1_P1_8.X103"
"LNS_W1_P1_8","LNS_W1_P1_8.X104"
"LNS_W1_P1_8","LNS_W1_P1_8.X108"
"LNS_W1_P1_8","LNS_W1_P1_8.X109"
"LNS_W1_P1_8","LNS_W1_P1_8.X110"
"LNS_W1_P1_8","LNS_W1_P1_8.X112"
"LNS_W1_P1_8","LNS_W1_P1_8.X117"
"LNS_W1_P1_8","LNS_W1_P1_8.X119"
"LNS_W1_P1_8","LNS_W1_P1_8.X120"
"LNS_W1_P1_8","LNS_W1_P1_8.X122"
"LNS_W1_P1_8","LNS_W1_P1_8.X126"
"LNS_W1_P1_8","LNS_W1_P1_8.X127"
"LNS_W1_P1_8","LNS_W1_P1_8.X128"
"LNS_W1_P1_8","LNS_W1_P1_8.X139"
"LNS_W1_P1_8","LNS_W1_P1_8.X141"
"LNS_W1_P1_8","LNS_W1_P1_8.X143"
"LNS_W1_P1_8","LNS_W1_P1_8.X152"
"LNS_W1_P1_8","LNS_W1_P1_8.X155"
"LNS_W1_P1_8","LNS_W1_P1_8.X159"
"LNS_W1_P1_8","LNS_W1_P1_8.X160"
"LNS_W1_P1_8","LNS_W1_P1_8.X164"
"LNS_W1_P1_8","LNS_W1_P1_8.X168"
"LNS_W1_P1_8","LNS_W1_P1_8.X172"
"LNS_W1_P1_8","LNS_W1_P1_8.X175"
"LNS_W1_P1_8","LNS_W1_P1_8.X176"
"LNS_W1_P1_8","LNS_W1_P1_8.X183"
"LNS_W1_P1_8","LNS_W1_P1_8.X192"
"LNS_W1_P1_9","LNS_W1_P1_9.X23"
"LNS_W1_P1_9","LNS_W1_P1_9.X41"
"LNS_W1_P1_9","LNS_W1_P1_9.X47"
"LNS_W1_P1_9","LNS_W1_P1_9.X70"
"LNS_W1_P1_9","LNS_W1_P1_9.X79"
"LNS_W1_P1_9","LNS_W1_P1_9.X84"
"LNS_W1_P1_9","LNS_W1_P1_9.X92"
"LNS_W1_P1_9","LNS_W1_P1_9.X94"
"LNS_W1_P1_10","LNS_W1_P1_10.X104"
"LNS_W1_P1_10","LNS_W1_P1_10.X112"
"LNS_W1_P1_10","LNS_W1_P1_10.X118"
"LNS_W1_P1_10","LNS_W1_P1_10.X122"
"LNS_W1_P1_10","LNS_W1_P1_10.X128"
"LNS_W1_P1_10","LNS_W1_P1_10.X137"
"LNS_W1_P1_10","LNS_W1_P1_10.X168"
"LNS_W1_P1_10","LNS_W1_P1_10.X175"
"LNS_W1_P1_10","LNS_W1_P1_10.X189"
"LNS_W1_P1_10","LNS_W1_P1_10.X191"
"LNS_W1_P1_12","LNS_W1_P1_12.X110"
"LNS_W1_P1_12","LNS_W1_P1_12.X118"
"LNS_W1_P1_12","LNS_W1_P1_12.X121"
"LNS_W1_P1_12","LNS_W1_P1_12.X124"
"LNS_W1_P1_12","LNS_W1_P1_12.X125"
"LNS_W1_P1_12","LNS_W1_P1_12.X135"
"LNS_W1_P1_12","LNS_W1_P1_12.X149"
"LNS_W1_P1_12","LNS_W1_P1_12.X151"
"LNS_W1_P1_12","LNS_W1_P1_12.X152"
"LNS_W1_P1_12","LNS_W1_P1_12.X153"
"LNS_W1_P1_12","LNS_W1_P1_12.X191"
"LNS_W2_P2_1","LNS_W2_P2_1.X3"
"LNS_W2_P2_1","LNS_W2_P2_1.X7"
"LNS_W2_P2_1","LNS_W2_P2_1.X14"
"LNS_W2_P2_1","LNS_W2_P2_1.X22"
"LNS_W2_P2_1","LNS_W2_P2_1.X36"
"LNS_W2_P2_1","LNS_W2_P2_1.X39"
"LNS_W2_P2_1","LNS_W2_P2_1.X41"
"LNS_W2_P2_1","LNS_W2_P2_1.X46"
"LNS_W2_P2_1","LNS_W2_P2_1.X47"
"LNS_W2_P2_1","LNS_W2_P2_1.X48"
"LNS_W2_P2_1","LNS_W2_P2_1.X50"
"LNS_W2_P2_1","LNS_W2_P2_1.X61"
"LNS_W2_P2_1","LNS_W2_P2_1.X62"
"LNS_W2_P2_1","LNS_W2_P2_1.X64"
"LNS_W2_P2_1","LNS_W2_P2_1.X65"
"LNS_W2_P2_1","LNS_W2_P2_1.X70"
"LNS_W2_P2_1","LNS_W2_P2_1.X72"
"LNS_W2_P2_1","LNS_W2_P2_1.X73"
"LNS_W2_P2_1","LNS_W2_P2_1.X74"
"LNS_W2_P2_1","LNS_W2_P2_1.X78"
"LNS_W2_P2_1","LNS_W2_P2_1.X80"
"LNS_W2_P2_1","LNS_W2_P2_1.X81"
"LNS_W2_P2_1","LNS_W2_P2_1.X84"
"LNS_W2_P2_1","LNS_W2_P2_1.X92"
"LNS_W2_P2_1","LNS_W2_P2_1.X94"
"LNS_W2_P2_2","LNS_W2_P2_2.X106"
"LNS_W2_P2_2","LNS_W2_P2_2.X112"
"LNS_W2_P2_2","LNS_W2_P2_2.X113"
"LNS_W2_P2_2","LNS_W2_P2_2.X115"
"LNS_W2_P2_2","LNS_W2_P2_2.X117"
"LNS_W2_P2_2","LNS_W2_P2_2.X122"
"LNS_W2_P2_2","LNS_W2_P2_2.X123"
"LNS_W2_P2_2","LNS_W2_P2_2.X126"
"LNS_W2_P2_2","LNS_W2_P2_2.X129"
"LNS_W2_P2_2","LNS_W2_P2_2.X130"
"LNS_W2_P2_2","LNS_W2_P2_2.X131"
"LNS_W2_P2_2","LNS_W2_P2_2.X134"
"LNS_W2_P2_2","LNS_W2_P2_2.X135"
"LNS_W2_P2_2","LNS_W2_P2_2.X138"
"LNS_W2_P2_2","LNS_W2_P2_2.X140"
"LNS_W2_P2_2","LNS_W2_P2_2.X141"
"LNS_W2_P2_2","LNS_W2_P2_2.X142"
"LNS_W2_P2_2","LNS_W2_P2_2.X143"
"LNS_W2_P2_2","LNS_W2_P2_2.X148"
"LNS_W2_P2_2","LNS_W2_P2_2.X150"
"LNS_W2_P2_2","LNS_W2_P2_2.X152"
"LNS_W2_P2_2","LNS_W2_P2_2.X154"
"LNS_W2_P2_2","LNS_W2_P2_2.X156"
"LNS_W2_P2_2","LNS_W2_P2_2.X161"
"LNS_W2_P2_2","LNS_W2_P2_2.X163"
"LNS_W2_P2_2","LNS_W2_P2_2.X165"
"LNS_W2_P2_2","LNS_W2_P2_2.X167"
"LNS_W2_P2_2","LNS_W2_P2_2.X169"
"LNS_W2_P2_2","LNS_W2_P2_2.X170"
"LNS_W2_P2_2","LNS_W2_P2_2.X172"
"LNS_W2_P2_2","LNS_W2_P2_2.X179"
"LNS_W2_P2_2","LNS_W2_P2_2.X181"
"LNS_W2_P2_2","LNS_W2_P2_2.X185"
"LNS_W2_P2_2","LNS_W2_P2_2.X186"
"LNS_W2_P2_2","LNS_W2_P2_2.X187"
"LNS_W2_P2_2","LNS_W2_P2_2.X189"
"LNS_W2_P2_4","LNS_W2_P2_4.X98"
"LNS_W2_P2_4","LNS_W2_P2_4.X105"
"LNS_W2_P2_4","LNS_W2_P2_4.X106"
"LNS_W2_P2_4","LNS_W2_P2_4.X110"
"LNS_W2_P2_4","LNS_W2_P2_4.X113"
"LNS_W2_P2_4","LNS_W2_P2_4.X114"
"LNS_W2_P2_4","LNS_W2_P2_4.X121"
"LNS_W2_P2_4","LNS_W2_P2_4.X122"
"LNS_W2_P2_4","LNS_W2_P2_4.X123"
"LNS_W2_P2_4","LNS_W2_P2_4.X130"
"LNS_W2_P2_4","LNS_W2_P2_4.X137"
"LNS_W2_P2_4","LNS_W2_P2_4.X138"
"LNS_W2_P2_4","LNS_W2_P2_4.X139"
"LNS_W2_P2_4","LNS_W2_P2_4.X147"
"LNS_W2_P2_4","LNS_W2_P2_4.X162"
"LNS_W2_P2_4","LNS_W2_P2_4.X165"
"LNS_W2_P2_4","LNS_W2_P2_4.X169"
"LNS_W2_P2_4","LNS_W2_P2_4.X171"
"LNS_W2_P2_4","LNS_W2_P2_4.X176"
"LNS_W2_P2_4","LNS_W2_P2_4.X177"
"LNS_W2_P2_4","LNS_W2_P2_4.X178"
"LNS_W2_P2_4","LNS_W2_P2_4.X180"
"LNS_W2_P2_4","LNS_W2_P2_4.X181"
"LNS_W2_P2_4","LNS_W2_P2_4.X183"
"LNS_W2_P2_4","LNS_W2_P2_4.X189"
"LNS_W2_P3_5","LNS_W2_P3_5.X1"
"LNS_W2_P3_5","LNS_W2_P3_5.X2"
"LNS_W2_P3_5","LNS_W2_P3_5.X3"
"LNS_W2_P3_5","LNS_W2_P3_5.X5"
"LNS_W2_P3_5","LNS_W2_P3_5.X6"
"LNS_W2_P3_5","LNS_W2_P3_5.X7"
"LNS_W2_P3_5","LNS_W2_P3_5.X8"
"LNS_W2_P3_5","LNS_W2_P3_5.X9"
"LNS_W2_P3_5","LNS_W2_P3_5.X12"
"LNS_W2_P3_5","LNS_W2_P3_5.X13"
"LNS_W2_P3_5","LNS_W2_P3_5.X15"
"LNS_W2_P3_5","LNS_W2_P3_5.X16"
"LNS_W2_P3_5","LNS_W2_P3_5.X19"
"LNS_W2_P3_5","LNS_W2_P3_5.X20"
"LNS_W2_P3_5","LNS_W2_P3_5.X21"
"LNS_W2_P3_5","LNS_W2_P3_5.X23"
"LNS_W2_P3_5","LNS_W2_P3_5.X24"
"LNS_W2_P3_5","LNS_W2_P3_5.X25"
"LNS_W2_P3_5","LNS_W2_P3_5.X26"
"LNS_W2_P3_5","LNS_W2_P3_5.X27"
"LNS_W2_P3_5","LNS_W2_P3_5.X29"
"LNS_W2_P3_5","LNS_W2_P3_5.X30"
"LNS_W2_P3_5","LNS_W2_P3_5.X31"
"LNS_W2_P3_5","LNS_W2_P3_5.X32"
"LNS_W2_P3_5","LNS_W2_P3_5.X33"
"LNS_W2_P3_5","LNS_W2_P3_5.X34"
"LNS_W2_P3_5","LNS_W2_P3_5.X35"
"LNS_W2_P3_5","LNS_W2_P3_5.X36"
"LNS_W2_P3_5","LNS_W2_P3_5.X37"
"LNS_W2_P3_5","LNS_W2_P3_5.X38"
"LNS_W2_P3_5","LNS_W2_P3_5.X39"
"LNS_W2_P3_5","LNS_W2_P3_5.X40"
"LNS_W2_P3_5","LNS_W2_P3_5.X41"
"LNS_W2_P3_5","LNS_W2_P3_5.X42"
"LNS_W2_P3_5","LNS_W2_P3_5.X43"
"LNS_W2_P3_5","LNS_W2_P3_5.X44"
"LNS_W2_P3_5","LNS_W2_P3_5.X45"
"LNS_W2_P3_5","LNS_W2_P3_5.X46"
"LNS_W2_P3_5","LNS_W2_P3_5.X47"
"LNS_W2_P3_5","LNS_W2_P3_5.X48"
"LNS_W2_P3_5","LNS_W2_P3_5.X50"
"LNS_W2_P3_5","LNS_W2_P3_5.X51"
"LNS_W2_P3_5","LNS_W2_P3_5.X52"
"LNS_W2_P3_5","LNS_W2_P3_5.X53"
"LNS_W2_P3_5","LNS_W2_P3_5.X54"
"LNS_W2_P3_5","LNS_W2_P3_5.X55"
"LNS_W2_P3_5","LNS_W2_P3_5.X56"
"LNS_W2_P3_5","LNS_W2_P3_5.X57"
"LNS_W2_P3_5","LNS_W2_P3_5.X58"
"LNS_W2_P3_5","LNS_W2_P3_5.X59"
"LNS_W2_P3_5","LNS_W2_P3_5.X60"
"LNS_W2_P3_5","LNS_W2_P3_5.X61"
"LNS_W2_P3_5","LNS_W2_P3_5.X62"
"LNS_W2_P3_5","LNS_W2_P3_5.X63"
"LNS_W2_P3_5","LNS_W2_P3_5.X64"
"LNS_W2_P3_5","LNS_W2_P3_5.X65"
"LNS_W2_P3_5","LNS_W2_P3_5.X66"
"LNS_W2_P3_5","LNS_W2_P3_5.X68"
"LNS_W2_P3_5","LNS_W2_P3_5.X69"
"LNS_W2_P3_5","LNS_W2_P3_5.X70"
"LNS_W2_P3_5","LNS_W2_P3_5.X71"
"LNS_W2_P3_5","LNS_W2_P3_5.X72"
"LNS_W2_P3_5","LNS_W2_P3_5.X73"
"LNS_W2_P3_5","LNS_W2_P3_5.X74"
"LNS_W2_P3_5","LNS_W2_P3_5.X75"
"LNS_W2_P3_5","LNS_W2_P3_5.X76"
"LNS_W2_P3_5","LNS_W2_P3_5.X77"
"LNS_W2_P3_5","LNS_W2_P3_5.X78"
"LNS_W2_P3_5","LNS_W2_P3_5.X79"
"LNS_W2_P3_5","LNS_W2_P3_5.X80"
"LNS_W2_P3_5","LNS_W2_P3_5.X81"
"LNS_W2_P3_5","LNS_W2_P3_5.X83"
"LNS_W2_P3_5","LNS_W2_P3_5.X84"
"LNS_W2_P3_5","LNS_W2_P3_5.X85"
"LNS_W2_P3_5","LNS_W2_P3_5.X86"
"LNS_W2_P3_5","LNS_W2_P3_5.X87"
"LNS_W2_P3_5","LNS_W2_P3_5.X88"
"LNS_W2_P3_5","LNS_W2_P3_5.X89"
"LNS_W2_P3_5","LNS_W2_P3_5.X90"
"LNS_W2_P3_5","LNS_W2_P3_5.X91"
"LNS_W2_P3_5","LNS_W2_P3_5.X92"
"LNS_W2_P3_5","LNS_W2_P3_5.X93"
"LNS_W2_P3_5","LNS_W2_P3_5.X94"
"LNS_W2_P3_5","LNS_W2_P3_5.X95"
"LNS_W2_P3_5","LNS_W2_P3_5.X96"
"LNS_W2_P3_8","LNS_W2_P3_8.X97"
"LNS_W2_P3_8","LNS_W2_P3_8.X98"
"LNS_W2_P3_8","LNS_W2_P3_8.X99"
"LNS_W2_P3_8","LNS_W2_P3_8.X100"
"LNS_W2_P3_8","LNS_W2_P3_8.X101"
"LNS_W2_P3_8","LNS_W2_P3_8.X102"
"LNS_W2_P3_8","LNS_W2_P3_8.X103"
"LNS_W2_P3_8","LNS_W2_P3_8.X104"
"LNS_W2_P3_8","LNS_W2_P3_8.X107"
"LNS_W2_P3_8","LNS_W2_P3_8.X108"
"LNS_W2_P3_8","LNS_W2_P3_8.X111"
"LNS_W2_P3_8","LNS_W2_P3_8.X112"
"LNS_W2_P3_8","LNS_W2_P3_8.X113"
"LNS_W2_P3_8","LNS_W2_P3_8.X114"
"LNS_W2_P3_8","LNS_W2_P3_8.X115"
"LNS_W2_P3_8","LNS_W2_P3_8.X116"
"LNS_W2_P3_8","LNS_W2_P3_8.X117"
"LNS_W2_P3_8","LNS_W2_P3_8.X118"
"LNS_W2_P3_8","LNS_W2_P3_8.X120"
"LNS_W2_P3_8","LNS_W2_P3_8.X121"
"LNS_W2_P3_8","LNS_W2_P3_8.X122"
"LNS_W2_P3_8","LNS_W2_P3_8.X123"
"LNS_W2_P3_8","LNS_W2_P3_8.X124"
"LNS_W2_P3_8","LNS_W2_P3_8.X126"
"LNS_W2_P3_8","LNS_W2_P3_8.X127"
"LNS_W2_P3_8","LNS_W2_P3_8.X129"
"LNS_W2_P3_8","LNS_W2_P3_8.X130"
"LNS_W2_P3_8","LNS_W2_P3_8.X131"
"LNS_W2_P3_8","LNS_W2_P3_8.X133"
"LNS_W2_P3_8","LNS_W2_P3_8.X134"
"LNS_W2_P3_8","LNS_W2_P3_8.X135"
"LNS_W2_P3_8","LNS_W2_P3_8.X136"
"LNS_W2_P3_8","LNS_W2_P3_8.X137"
"LNS_W2_P3_8","LNS_W2_P3_8.X138"
"LNS_W2_P3_8","LNS_W2_P3_8.X140"
"LNS_W2_P3_8","LNS_W2_P3_8.X141"
"LNS_W2_P3_8","LNS_W2_P3_8.X143"
"LNS_W2_P3_8","LNS_W2_P3_8.X144"
"LNS_W2_P3_8","LNS_W2_P3_8.X146"
"LNS_W2_P3_8","LNS_W2_P3_8.X148"
"LNS_W2_P3_8","LNS_W2_P3_8.X149"
"LNS_W2_P3_8","LNS_W2_P3_8.X150"
"LNS_W2_P3_8","LNS_W2_P3_8.X152"
"LNS_W2_P3_8","LNS_W2_P3_8.X153"
"LNS_W2_P3_8","LNS_W2_P3_8.X155"
"LNS_W2_P3_8","LNS_W2_P3_8.X157"
"LNS_W2_P3_8","LNS_W2_P3_8.X158"
"LNS_W2_P3_8","LNS_W2_P3_8.X159"
"LNS_W2_P3_8","LNS_W2_P3_8.X161"
"LNS_W2_P3_8","LNS_W2_P3_8.X162"
"LNS_W2_P3_8","LNS_W2_P3_8.X163"
"LNS_W2_P3_8","LNS_W2_P3_8.X164"
"LNS_W2_P3_8","LNS_W2_P3_8.X165"
"LNS_W2_P3_8","LNS_W2_P3_8.X168"
"LNS_W2_P3_8","LNS_W2_P3_8.X169"
"LNS_W2_P3_8","LNS_W2_P3_8.X170"
"LNS_W2_P3_8","LNS_W2_P3_8.X171"
"LNS_W2_P3_8","LNS_W2_P3_8.X172"
"LNS_W2_P3_8","LNS_W2_P3_8.X173"
"LNS_W2_P3_8","LNS_W2_P3_8.X174"
"LNS_W2_P3_8","LNS_W2_P3_8.X176"
"LNS_W2_P3_8","LNS_W2_P3_8.X178"
"LNS_W2_P3_8","LNS_W2_P3_8.X179"
"LNS_W2_P3_8","LNS_W2_P3_8.X180"
"LNS_W2_P3_8","LNS_W2_P3_8.X181"
"LNS_W2_P3_8","LNS_W2_P3_8.X182"
"LNS_W2_P3_8","LNS_W2_P3_8.X183"
"LNS_W2_P3_8","LNS_W2_P3_8.X185"
"LNS_W2_P3_8","LNS_W2_P3_8.X186"
"LNS_W2_P3_8","LNS_W2_P3_8.X190"
"LNS_W2_P3_8","LNS_W2_P3_8.X191"
"LNS_W2_P3_8","LNS_W2_P3_8.X192"
"LNS_W2_P1_9","LNS_W2_P1_9.X2"
"LNS_W2_P1_9","LNS_W2_P1_9.X5"
"LNS_W2_P1_9","LNS_W2_P1_9.X9"
"LNS_W2_P1_9","LNS_W2_P1_9.X15"
"LNS_W2_P1_9","LNS_W2_P1_9.X16"
"LNS_W2_P1_9","LNS_W2_P1_9.X18"
"LNS_W2_P1_9","LNS_W2_P1_9.X27"
"LNS_W2_P1_9","LNS_W2_P1_9.X30"
"LNS_W2_P1_9","LNS_W2_P1_9.X31"
"LNS_W2_P1_9","LNS_W2_P1_9.X32"
"LNS_W2_P1_9","LNS_W2_P1_9.X34"
"LNS_W2_P1_9","LNS_W2_P1_9.X36"
"LNS_W2_P1_9","LNS_W2_P1_9.X37"
"LNS_W2_P1_9","LNS_W2_P1_9.X38"
"LNS_W2_P1_9","LNS_W2_P1_9.X40"
"LNS_W2_P1_9","LNS_W2_P1_9.X41"
"LNS_W2_P1_9","LNS_W2_P1_9.X42"
"LNS_W2_P1_9","LNS_W2_P1_9.X46"
"LNS_W2_P1_9","LNS_W2_P1_9.X49"
"LNS_W2_P1_9","LNS_W2_P1_9.X52"
"LNS_W2_P1_9","LNS_W2_P1_9.X58"
"LNS_W2_P1_9","LNS_W2_P1_9.X59"
"LNS_W2_P1_9","LNS_W2_P1_9.X61"
"LNS_W2_P1_9","LNS_W2_P1_9.X62"
"LNS_W2_P1_9","LNS_W2_P1_9.X65"
"LNS_W2_P1_9","LNS_W2_P1_9.X66"
"LNS_W2_P1_9","LNS_W2_P1_9.X68"
"LNS_W2_P1_9","LNS_W2_P1_9.X69"
"LNS_W2_P1_9","LNS_W2_P1_9.X73"
"LNS_W2_P1_9","LNS_W2_P1_9.X74"
"LNS_W2_P1_9","LNS_W2_P1_9.X75"
"LNS_W2_P1_9","LNS_W2_P1_9.X78"
"LNS_W2_P1_9","LNS_W2_P1_9.X88"
"LNS_W2_P1_9","LNS_W2_P1_9.X89"
"LNS_W2_P1_9","LNS_W2_P1_9.X93"
"LNS_W2_P4_9","LNS_W2_P4_9.X1"
"LNS_W2_P4_9","LNS_W2_P4_9.X2"
"LNS_W2_P4_9","LNS_W2_P4_9.X3"
"LNS_W2_P4_9","LNS_W2_P4_9.X5"
"LNS_W2_P4_9","LNS_W2_P4_9.X6"
"LNS_W2_P4_9","LNS_W2_P4_9.X7"
"LNS_W2_P4_9","LNS_W2_P4_9.X8"
"LNS_W2_P4_9","LNS_W2_P4_9.X10"
"LNS_W2_P4_9","LNS_W2_P4_9.X13"
"LNS_W2_P4_9","LNS_W2_P4_9.X15"
"LNS_W2_P4_9","LNS_W2_P4_9.X16"
"LNS_W2_P4_9","LNS_W2_P4_9.X17"
"LNS_W2_P4_9","LNS_W2_P4_9.X18"
"LNS_W2_P4_9","LNS_W2_P4_9.X19"
"LNS_W2_P4_9","LNS_W2_P4_9.X21"
"LNS_W2_P4_9","LNS_W2_P4_9.X22"
"LNS_W2_P4_9","LNS_W2_P4_9.X23"
"LNS_W2_P4_9","LNS_W2_P4_9.X24"
"LNS_W2_P4_9","LNS_W2_P4_9.X27"
"LNS_W2_P4_9","LNS_W2_P4_9.X28"
"LNS_W2_P4_9","LNS_W2_P4_9.X29"
"LNS_W2_P4_9","LNS_W2_P4_9.X30"
"LNS_W2_P4_9","LNS_W2_P4_9.X31"
"LNS_W2_P4_9","LNS_W2_P4_9.X32"
"LNS_W2_P4_9","LNS_W2_P4_9.X34"
"LNS_W2_P4_9","LNS_W2_P4_9.X35"
"LNS_W2_P4_9","LNS_W2_P4_9.X36"
"LNS_W2_P4_9","LNS_W2_P4_9.X37"
"LNS_W2_P4_9","LNS_W2_P4_9.X38"
"LNS_W2_P4_9","LNS_W2_P4_9.X39"
"LNS_W2_P4_9","LNS_W2_P4_9.X40"
"LNS_W2_P4_9","LNS_W2_P4_9.X41"
"LNS_W2_P4_9","LNS_W2_P4_9.X42"
"LNS_W2_P4_9","LNS_W2_P4_9.X43"
"LNS_W2_P4_9","LNS_W2_P4_9.X44"
"LNS_W2_P4_9","LNS_W2_P4_9.X45"
"LNS_W2_P4_9","LNS_W2_P4_9.X46"
"LNS_W2_P4_9","LNS_W2_P4_9.X47"
"LNS_W2_P4_9","LNS_W2_P4_9.X48"
"LNS_W2_P4_9","LNS_W2_P4_9.X49"
"LNS_W2_P4_9","LNS_W2_P4_9.X50"
"LNS_W2_P4_9","LNS_W2_P4_9.X52"
"LNS_W2_P4_9","LNS_W2_P4_9.X53"
"LNS_W2_P4_9","LNS_W2_P4_9.X54"
"LNS_W2_P4_9","LNS_W2_P4_9.X55"
"LNS_W2_P4_9","LNS_W2_P4_9.X56"
"LNS_W2_P4_9","LNS_W2_P4_9.X60"
"LNS_W2_P4_9","LNS_W2_P4_9.X61"
"LNS_W2_P4_9","LNS_W2_P4_9.X62"
"LNS_W2_P4_9","LNS_W2_P4_9.X63"
"LNS_W2_P4_9","LNS_W2_P4_9.X64"
"LNS_W2_P4_9","LNS_W2_P4_9.X67"
"LNS_W2_P4_9","LNS_W2_P4_9.X69"
"LNS_W2_P4_9","LNS_W2_P4_9.X70"
"LNS_W2_P4_9","LNS_W2_P4_9.X71"
"LNS_W2_P4_9","LNS_W2_P4_9.X72"
"LNS_W2_P4_9","LNS_W2_P4_9.X73"
"LNS_W2_P4_9","LNS_W2_P4_9.X74"
"LNS_W2_P4_9","LNS_W2_P4_9.X76"
"LNS_W2_P4_9","LNS_W2_P4_9.X77"
"LNS_W2_P4_9","LNS_W2_P4_9.X78"
"LNS_W2_P4_9","LNS_W2_P4_9.X79"
"LNS_W2_P4_9","LNS_W2_P4_9.X80"
"LNS_W2_P4_9","LNS_W2_P4_9.X81"
"LNS_W2_P4_9","LNS_W2_P4_9.X82"
"LNS_W2_P4_9","LNS_W2_P4_9.X83"
"LNS_W2_P4_9","LNS_W2_P4_9.X84"
"LNS_W2_P4_9","LNS_W2_P4_9.X85"
"LNS_W2_P4_9","LNS_W2_P4_9.X86"
"LNS_W2_P4_9","LNS_W2_P4_9.X87"
"LNS_W2_P4_9","LNS_W2_P4_9.X88"
"LNS_W2_P4_9","LNS_W2_P4_9.X89"
"LNS_W2_P4_9","LNS_W2_P4_9.X90"
"LNS_W2_P4_9","LNS_W2_P4_9.X91"
"LNS_W2_P4_9","LNS_W2_P4_9.X92"
"LNS_W2_P4_9","LNS_W2_P4_9.X93"
"LNS_W2_P4_9","LNS_W2_P4_9.X94"
"LNS_W2_P4_9","LNS_W2_P4_9.X95"
"LNS_W2_P4_9","LNS_W2_P4_9.X96"
"LNS_W2_P1_10","LNS_W2_P1_10.X97"
"LNS_W2_P1_10","LNS_W2_P1_10.X100"
"LNS_W2_P1_10","LNS_W2_P1_10.X101"
"LNS_W2_P1_10","LNS_W2_P1_10.X103"
"LNS_W2_P1_10","LNS_W2_P1_10.X105"
"LNS_W2_P1_10","LNS_W2_P1_10.X106"
"LNS_W2_P1_10","LNS_W2_P1_10.X108"
"LNS_W2_P1_10","LNS_W2_P1_10.X111"
"LNS_W2_P1_10","LNS_W2_P1_10.X112"
"LNS_W2_P1_10","LNS_W2_P1_10.X114"
"LNS_W2_P1_10","LNS_W2_P1_10.X116"
"LNS_W2_P1_10","LNS_W2_P1_10.X117"
"LNS_W2_P1_10","LNS_W2_P1_10.X119"
"LNS_W2_P1_10","LNS_W2_P1_10.X121"
"LNS_W2_P1_10","LNS_W2_P1_10.X122"
"LNS_W2_P1_10","LNS_W2_P1_10.X125"
"LNS_W2_P1_10","LNS_W2_P1_10.X126"
"LNS_W2_P1_10","LNS_W2_P1_10.X131"
"LNS_W2_P1_10","LNS_W2_P1_10.X132"
"LNS_W2_P1_10","LNS_W2_P1_10.X134"
"LNS_W2_P1_10","LNS_W2_P1_10.X135"
"LNS_W2_P1_10","LNS_W2_P1_10.X137"
"LNS_W2_P1_10","LNS_W2_P1_10.X139"
"LNS_W2_P1_10","LNS_W2_P1_10.X143"
"LNS_W2_P1_10","LNS_W2_P1_10.X144"
"LNS_W2_P1_10","LNS_W2_P1_10.X145"
"LNS_W2_P1_10","LNS_W2_P1_10.X149"
"LNS_W2_P1_10","LNS_W2_P1_10.X155"
"LNS_W2_P1_10","LNS_W2_P1_10.X156"
"LNS_W2_P1_10","LNS_W2_P1_10.X157"
"LNS_W2_P1_10","LNS_W2_P1_10.X158"
"LNS_W2_P1_10","LNS_W2_P1_10.X159"
"LNS_W2_P1_10","LNS_W2_P1_10.X161"
"LNS_W2_P1_10","LNS_W2_P1_10.X162"
"LNS_W2_P1_10","LNS_W2_P1_10.X165"
"LNS_W2_P1_10","LNS_W2_P1_10.X167"
"LNS_W2_P1_10","LNS_W2_P1_10.X168"
"LNS_W2_P1_10","LNS_W2_P1_10.X169"
"LNS_W2_P1_10","LNS_W2_P1_10.X170"
"LNS_W2_P1_10","LNS_W2_P1_10.X171"
"LNS_W2_P1_10","LNS_W2_P1_10.X172"
"LNS_W2_P1_10","LNS_W2_P1_10.X173"
"LNS_W2_P1_10","LNS_W2_P1_10.X174"
"LNS_W2_P1_10","LNS_W2_P1_10.X176"
"LNS_W2_P1_10","LNS_W2_P1_10.X177"
"LNS_W2_P1_10","LNS_W2_P1_10.X178"
"LNS_W2_P1_10","LNS_W2_P1_10.X181"
"LNS_W2_P1_10","LNS_W2_P1_10.X182"
"LNS_W2_P1_10","LNS_W2_P1_10.X183"
"LNS_W2_P1_10","LNS_W2_P1_10.X186"
"LNS_W2_P1_10","LNS_W2_P1_10.X188"
"LNS_W2_P1_10","LNS_W2_P1_10.X189"
"LNS_W2_P1_10","LNS_W2_P1_10.X191"
"LNS_W2_P1_10","LNS_W2_P1_10.X192"
"LNS_W2_P4_10","LNS_W2_P4_10.X99"
"LNS_W2_P4_10","LNS_W2_P4_10.X100"
"LNS_W2_P4_10","LNS_W2_P4_10.X101"
"LNS_W2_P4_10","LNS_W2_P4_10.X103"
"LNS_W2_P4_10","LNS_W2_P4_10.X104"
"LNS_W2_P4_10","LNS_W2_P4_10.X105"
"LNS_W2_P4_10","LNS_W2_P4_10.X106"
"LNS_W2_P4_10","LNS_W2_P4_10.X107"
"LNS_W2_P4_10","LNS_W2_P4_10.X108"
"LNS_W2_P4_10","LNS_W2_P4_10.X109"
"LNS_W2_P4_10","LNS_W2_P4_10.X110"
"LNS_W2_P4_10","LNS_W2_P4_10.X111"
"LNS_W2_P4_10","LNS_W2_P4_10.X113"
"LNS_W2_P4_10","LNS_W2_P4_10.X114"
"LNS_W2_P4_10","LNS_W2_P4_10.X115"
"LNS_W2_P4_10","LNS_W2_P4_10.X116"
"LNS_W2_P4_10","LNS_W2_P4_10.X117"
"LNS_W2_P4_10","LNS_W2_P4_10.X118"
"LNS_W2_P4_10","LNS_W2_P4_10.X119"
"LNS_W2_P4_10","LNS_W2_P4_10.X120"
"LNS_W2_P4_10","LNS_W2_P4_10.X122"
"LNS_W2_P4_10","LNS_W2_P4_10.X123"
"LNS_W2_P4_10","LNS_W2_P4_10.X124"
"LNS_W2_P4_10","LNS_W2_P4_10.X126"
"LNS_W2_P4_10","LNS_W2_P4_10.X127"
"LNS_W2_P4_10","LNS_W2_P4_10.X128"
"LNS_W2_P4_10","LNS_W2_P4_10.X133"
"LNS_W2_P4_10","LNS_W2_P4_10.X136"
"LNS_W2_P4_10","LNS_W2_P4_10.X138"
"LNS_W2_P4_10","LNS_W2_P4_10.X139"
"LNS_W2_P4_10","LNS_W2_P4_10.X140"
"LNS_W2_P4_10","LNS_W2_P4_10.X141"
"LNS_W2_P4_10","LNS_W2_P4_10.X142"
"LNS_W2_P4_10","LNS_W2_P4_10.X143"
"LNS_W2_P4_10","LNS_W2_P4_10.X144"
"LNS_W2_P4_10","LNS_W2_P4_10.X146"
"LNS_W2_P4_10","LNS_W2_P4_10.X147"
"LNS_W2_P4_10","LNS_W2_P4_10.X148"
"LNS_W2_P4_10","LNS_W2_P4_10.X149"
"LNS_W2_P4_10","LNS_W2_P4_10.X150"
"LNS_W2_P4_10","LNS_W2_P4_10.X151"
"LNS_W2_P4_10","LNS_W2_P4_10.X152"
"LNS_W2_P4_10","LNS_W2_P4_10.X154"
"LNS_W2_P4_10","LNS_W2_P4_10.X157"
"LNS_W2_P4_10","LNS_W2_P4_10.X158"
"LNS_W2_P4_10","LNS_W2_P4_10.X159"
"LNS_W2_P4_10","LNS_W2_P4_10.X160"
"LNS_W2_P4_10","LNS_W2_P4_10.X161"
"LNS_W2_P4_10","LNS_W2_P4_10.X163"
"LNS_W2_P4_10","LNS_W2_P4_10.X164"
"LNS_W2_P4_10","LNS_W2_P4_10.X165"
"LNS_W2_P4_10","LNS_W2_P4_10.X166"
"LNS_W2_P4_10","LNS_W2_P4_10.X167"
"LNS_W2_P4_10","LNS_W2_P4_10.X168"
"LNS_W2_P4_10","LNS_W2_P4_10.X169"
"LNS_W2_P4_10","LNS_W2_P4_10.X170"
"LNS_W2_P4_10","LNS_W2_P4_10.X172"
"LNS_W2_P4_10","LNS_W2_P4_10.X173"
"LNS_W2_P4_10","LNS_W2_P4_10.X174"
"LNS_W2_P4_10","LNS_W2_P4_10.X175"
"LNS_W2_P4_10","LNS_W2_P4_10.X176"
"LNS_W2_P4_10","LNS_W2_P4_10.X179"
"LNS_W2_P4_10","LNS_W2_P4_10.X180"
"LNS_W2_P4_10","LNS_W2_P4_10.X181"
"LNS_W2_P4_10","LNS_W2_P4_10.X182"
"LNS_W2_P4_10","LNS_W2_P4_10.X183"
"LNS_W2_P4_10","LNS_W2_P4_10.X184"
"LNS_W2_P4_10","LNS_W2_P4_10.X185"
"LNS_W2_P4_10","LNS_W2_P4_10.X186"
"LNS_W2_P4_10","LNS_W2_P4_10.X187"
"LNS_W2_P4_10","LNS_W2_P4_10.X188"
"LNS_W2_P4_10","LNS_W2_P4_10.X189"
"LNS_W2_P4_10","LNS_W2_P4_10.X190"
"LNS_W2_P4_10","LNS_W2_P4_10.X191"
"LNS_W2_P4_10","LNS_W2_P4_10.X192"
"LNS_W2_P1_12","LNS_W2_P1_12.X98"
"LNS_W2_P1_12","LNS_W2_P1_12.X100"
"LNS_W2_P1_12","LNS_W2_P1_12.X104"
"LNS_W2_P1_12","LNS_W2_P1_12.X108"
"LNS_W2_P1_12","LNS_W2_P1_12.X109"
"LNS_W2_P1_12","LNS_W2_P1_12.X111"
"LNS_W2_P1_12","LNS_W2_P1_12.X113"
"LNS_W2_P1_12","LNS_W2_P1_12.X115"
"LNS_W2_P1_12","LNS_W2_P1_12.X117"
"LNS_W2_P1_12","LNS_W2_P1_12.X128"
"LNS_W2_P1_12","LNS_W2_P1_12.X137"
"LNS_W2_P1_12","LNS_W2_P1_12.X138"
"LNS_W2_P1_12","LNS_W2_P1_12.X139"
"LNS_W2_P1_12","LNS_W2_P1_12.X140"
"LNS_W2_P1_12","LNS_W2_P1_12.X148"
"LNS_W2_P1_12","LNS_W2_P1_12.X151"
"LNS_W2_P1_12","LNS_W2_P1_12.X153"
"LNS_W2_P1_12","LNS_W2_P1_12.X155"
"LNS_W2_P1_12","LNS_W2_P1_12.X156"
"LNS_W2_P1_12","LNS_W2_P1_12.X159"
"LNS_W2_P1_12","LNS_W2_P1_12.X171"
"LNS_W2_P1_12","LNS_W2_P1_12.X173"
"LNS_W2_P1_12","LNS_W2_P1_12.X179"
"LNS_W2_P1_12","LNS_W2_P1_12.X180"
"LNS_W2_P1_12","LNS_W2_P1_12.X181"
"LNS_W2_P1_12","LNS_W2_P1_12.X182"
"LNS_W2_P1_12","LNS_W2_P1_12.X183"
"LNS_W6_P1_1","LNS_W6_P1_1.X1"
"LNS_W6_P1_1","LNS_W6_P1_1.X2"
"LNS_W6_P1_1","LNS_W6_P1_1.X3"
"LNS_W6_P1_1","LNS_W6_P1_1.X4"
"LNS_W6_P1_1","LNS_W6_P1_1.X5"
"LNS_W6_P1_1","LNS_W6_P1_1.X6"
"LNS_W6_P1_1","LNS_W6_P1_1.X8"
"LNS_W6_P1_1","LNS_W6_P1_1.X9"
"LNS_W6_P1_1","LNS_W6_P1_1.X11"
"LNS_W6_P1_1","LNS_W6_P1_1.X15"
"LNS_W6_P1_1","LNS_W6_P1_1.X16"
"LNS_W6_P1_1","LNS_W6_P1_1.X17"
"LNS_W6_P1_1","LNS_W6_P1_1.X18"
"LNS_W6_P1_1","LNS_W6_P1_1.X19"
"LNS_W6_P1_1","LNS_W6_P1_1.X21"
"LNS_W6_P1_1","LNS_W6_P1_1.X22"
"LNS_W6_P1_1","LNS_W6_P1_1.X24"
"LNS_W6_P1_1","LNS_W6_P1_1.X26"
"LNS_W6_P1_1","LNS_W6_P1_1.X27"
"LNS_W6_P1_1","LNS_W6_P1_1.X29"
"LNS_W6_P1_1","LNS_W6_P1_1.X30"
"LNS_W6_P1_1","LNS_W6_P1_1.X31"
"LNS_W6_P1_1","LNS_W6_P1_1.X32"
"LNS_W6_P1_1","LNS_W6_P1_1.X33"
"LNS_W6_P1_1","LNS_W6_P1_1.X34"
"LNS_W6_P1_1","LNS_W6_P1_1.X35"
"LNS_W6_P1_1","LNS_W6_P1_1.X36"
"LNS_W6_P1_1","LNS_W6_P1_1.X37"
"LNS_W6_P1_1","LNS_W6_P1_1.X38"
"LNS_W6_P1_1","LNS_W6_P1_1.X39"
"LNS_W6_P1_1","LNS_W6_P1_1.X40"
"LNS_W6_P1_1","LNS_W6_P1_1.X41"
"LNS_W6_P1_1","LNS_W6_P1_1.X42"
"LNS_W6_P1_1","LNS_W6_P1_1.X44"
"LNS_W6_P1_1","LNS_W6_P1_1.X46"
"LNS_W6_P1_1","LNS_W6_P1_1.X47"
"LNS_W6_P1_1","LNS_W6_P1_1.X48"
"LNS_W6_P1_1","LNS_W6_P1_1.X50"
"LNS_W6_P1_1","LNS_W6_P1_1.X51"
"LNS_W6_P1_1","LNS_W6_P1_1.X52"
"LNS_W6_P1_1","LNS_W6_P1_1.X53"
"LNS_W6_P1_1","LNS_W6_P1_1.X54"
"LNS_W6_P1_1","LNS_W6_P1_1.X56"
"LNS_W6_P1_1","LNS_W6_P1_1.X58"
"LNS_W6_P1_1","LNS_W6_P1_1.X60"
"LNS_W6_P1_1","LNS_W6_P1_1.X61"
"LNS_W6_P1_1","LNS_W6_P1_1.X62"
"LNS_W6_P1_1","LNS_W6_P1_1.X66"
"LNS_W6_P1_1","LNS_W6_P1_1.X70"
"LNS_W6_P1_1","LNS_W6_P1_1.X72"
"LNS_W6_P1_1","LNS_W6_P1_1.X74"
"LNS_W6_P1_1","LNS_W6_P1_1.X75"
"LNS_W6_P1_1","LNS_W6_P1_1.X78"
"LNS_W6_P1_1","LNS_W6_P1_1.X81"
"LNS_W6_P1_1","LNS_W6_P1_1.X82"
"LNS_W6_P1_1","LNS_W6_P1_1.X83"
"LNS_W6_P1_1","LNS_W6_P1_1.X84"
"LNS_W6_P1_1","LNS_W6_P1_1.X85"
"LNS_W6_P1_1","LNS_W6_P1_1.X86"
"LNS_W6_P1_1","LNS_W6_P1_1.X87"
"LNS_W6_P1_1","LNS_W6_P1_1.X88"
"LNS_W6_P1_1","LNS_W6_P1_1.X89"
"LNS_W6_P1_1","LNS_W6_P1_1.X90"
"LNS_W6_P1_1","LNS_W6_P1_1.X91"
"LNS_W6_P1_1","LNS_W6_P1_1.X92"
"LNS_W6_P1_1","LNS_W6_P1_1.X93"
"LNS_W6_P1_1","LNS_W6_P1_1.X95"
"LNS_W6_P1_1","LNS_W6_P1_1.X96"
"LNS_W6_P4_1","LNS_W6_P4_1.X1"
"LNS_W6_P4_1","LNS_W6_P4_1.X2"
"LNS_W6_P4_1","LNS_W6_P4_1.X3"
"LNS_W6_P4_1","LNS_W6_P4_1.X9"
"LNS_W6_P4_1","LNS_W6_P4_1.X10"
"LNS_W6_P4_1","LNS_W6_P4_1.X13"
"LNS_W6_P4_1","LNS_W6_P4_1.X14"
"LNS_W6_P4_1","LNS_W6_P4_1.X16"
"LNS_W6_P4_1","LNS_W6_P4_1.X17"
"LNS_W6_P4_1","LNS_W6_P4_1.X18"
"LNS_W6_P4_1","LNS_W6_P4_1.X19"
"LNS_W6_P4_1","LNS_W6_P4_1.X20"
"LNS_W6_P4_1","LNS_W6_P4_1.X26"
"LNS_W6_P4_1","LNS_W6_P4_1.X27"
"LNS_W6_P4_1","LNS_W6_P4_1.X28"
"LNS_W6_P4_1","LNS_W6_P4_1.X29"
"LNS_W6_P4_1","LNS_W6_P4_1.X32"
"LNS_W6_P4_1","LNS_W6_P4_1.X33"
"LNS_W6_P4_1","LNS_W6_P4_1.X34"
"LNS_W6_P4_1","LNS_W6_P4_1.X36"
"LNS_W6_P4_1","LNS_W6_P4_1.X41"
"LNS_W6_P4_1","LNS_W6_P4_1.X43"
"LNS_W6_P4_1","LNS_W6_P4_1.X44"
"LNS_W6_P4_1","LNS_W6_P4_1.X45"
"LNS_W6_P4_1","LNS_W6_P4_1.X46"
"LNS_W6_P4_1","LNS_W6_P4_1.X49"
"LNS_W6_P4_1","LNS_W6_P4_1.X52"
"LNS_W6_P4_1","LNS_W6_P4_1.X53"
"LNS_W6_P4_1","LNS_W6_P4_1.X57"
"LNS_W6_P4_1","LNS_W6_P4_1.X59"
"LNS_W6_P4_1","LNS_W6_P4_1.X60"
"LNS_W6_P4_1","LNS_W6_P4_1.X61"
"LNS_W6_P4_1","LNS_W6_P4_1.X62"
"LNS_W6_P4_1","LNS_W6_P4_1.X64"
"LNS_W6_P4_1","LNS_W6_P4_1.X66"
"LNS_W6_P4_1","LNS_W6_P4_1.X67"
"LNS_W6_P4_1","LNS_W6_P4_1.X68"
"LNS_W6_P4_1","LNS_W6_P4_1.X69"
"LNS_W6_P4_1","LNS_W6_P4_1.X70"
"LNS_W6_P4_1","LNS_W6_P4_1.X73"
"LNS_W6_P4_1","LNS_W6_P4_1.X74"
"LNS_W6_P4_1","LNS_W6_P4_1.X75"
"LNS_W6_P4_1","LNS_W6_P4_1.X76"
"LNS_W6_P4_1","LNS_W6_P4_1.X77"
"LNS_W6_P4_1","LNS_W6_P4_1.X79"
"LNS_W6_P4_1","LNS_W6_P4_1.X80"
"LNS_W6_P4_1","LNS_W6_P4_1.X81"
"LNS_W6_P4_1","LNS_W6_P4_1.X87"
"LNS_W6_P4_1","LNS_W6_P4_1.X88"
"LNS_W6_P4_1","LNS_W6_P4_1.X89"
"LNS_W6_P4_1","LNS_W6_P4_1.X90"
"LNS_W6_P4_1","LNS_W6_P4_1.X91"
"LNS_W6_P4_1","LNS_W6_P4_1.X94"
"LNS_W6_P4_1","LNS_W6_P4_1.X96"
"LNS_W6_P1_2","LNS_W6_P1_2.X97"
"LNS_W6_P1_2","LNS_W6_P1_2.X98"
"LNS_W6_P1_2","LNS_W6_P1_2.X100"
"LNS_W6_P1_2","LNS_W6_P1_2.X102"
"LNS_W6_P1_2","LNS_W6_P1_2.X103"
"LNS_W6_P1_2","LNS_W6_P1_2.X104"
"LNS_W6_P1_2","LNS_W6_P1_2.X108"
"LNS_W6_P1_2","LNS_W6_P1_2.X109"
"LNS_W6_P1_2","LNS_W6_P1_2.X110"
"LNS_W6_P1_2","LNS_W6_P1_2.X111"
"LNS_W6_P1_2","LNS_W6_P1_2.X113"
"LNS_W6_P1_2","LNS_W6_P1_2.X114"
"LNS_W6_P1_2","LNS_W6_P1_2.X115"
"LNS_W6_P1_2","LNS_W6_P1_2.X116"
"LNS_W6_P1_2","LNS_W6_P1_2.X117"
"LNS_W6_P1_2","LNS_W6_P1_2.X120"
"LNS_W6_P1_2","LNS_W6_P1_2.X121"
"LNS_W6_P1_2","LNS_W6_P1_2.X125"
"LNS_W6_P1_2","LNS_W6_P1_2.X126"
"LNS_W6_P1_2","LNS_W6_P1_2.X127"
"LNS_W6_P1_2","LNS_W6_P1_2.X129"
"LNS_W6_P1_2","LNS_W6_P1_2.X131"
"LNS_W6_P1_2","LNS_W6_P1_2.X132"
"LNS_W6_P1_2","LNS_W6_P1_2.X134"
"LNS_W6_P1_2","LNS_W6_P1_2.X135"
"LNS_W6_P1_2","LNS_W6_P1_2.X140"
"LNS_W6_P1_2","LNS_W6_P1_2.X141"
"LNS_W6_P1_2","LNS_W6_P1_2.X142"
"LNS_W6_P1_2","LNS_W6_P1_2.X143"
"LNS_W6_P1_2","LNS_W6_P1_2.X144"
"LNS_W6_P1_2","LNS_W6_P1_2.X145"
"LNS_W6_P1_2","LNS_W6_P1_2.X147"
"LNS_W6_P1_2","LNS_W6_P1_2.X149"
"LNS_W6_P1_2","LNS_W6_P1_2.X150"
"LNS_W6_P1_2","LNS_W6_P1_2.X151"
"LNS_W6_P1_2","LNS_W6_P1_2.X152"
"LNS_W6_P1_2","LNS_W6_P1_2.X153"
"LNS_W6_P1_2","LNS_W6_P1_2.X154"
"LNS_W6_P1_2","LNS_W6_P1_2.X156"
"LNS_W6_P1_2","LNS_W6_P1_2.X157"
"LNS_W6_P1_2","LNS_W6_P1_2.X158"
"LNS_W6_P1_2","LNS_W6_P1_2.X159"
"LNS_W6_P1_2","LNS_W6_P1_2.X161"
"LNS_W6_P1_2","LNS_W6_P1_2.X162"
"LNS_W6_P1_2","LNS_W6_P1_2.X163"
"LNS_W6_P1_2","LNS_W6_P1_2.X164"
"LNS_W6_P1_2","LNS_W6_P1_2.X165"
"LNS_W6_P1_2","LNS_W6_P1_2.X166"
"LNS_W6_P1_2","LNS_W6_P1_2.X167"
"LNS_W6_P1_2","LNS_W6_P1_2.X169"
"LNS_W6_P1_2","LNS_W6_P1_2.X170"
"LNS_W6_P1_2","LNS_W6_P1_2.X171"
"LNS_W6_P1_2","LNS_W6_P1_2.X172"
"LNS_W6_P1_2","LNS_W6_P1_2.X173"
"LNS_W6_P1_2","LNS_W6_P1_2.X174"
"LNS_W6_P1_2","LNS_W6_P1_2.X175"
"LNS_W6_P1_2","LNS_W6_P1_2.X176"
"LNS_W6_P1_2","LNS_W6_P1_2.X177"
"LNS_W6_P1_2","LNS_W6_P1_2.X178"
"LNS_W6_P1_2","LNS_W6_P1_2.X180"
"LNS_W6_P1_2","LNS_W6_P1_2.X181"
"LNS_W6_P1_2","LNS_W6_P1_2.X182"
"LNS_W6_P1_2","LNS_W6_P1_2.X183"
"LNS_W6_P1_2","LNS_W6_P1_2.X184"
"LNS_W6_P1_2","LNS_W6_P1_2.X186"
"LNS_W6_P1_2","LNS_W6_P1_2.X188"
"LNS_W6_P1_2","LNS_W6_P1_2.X189"
"LNS_W6_P1_2","LNS_W6_P1_2.X190"
"LNS_W6_P1_2","LNS_W6_P1_2.X191"
"LNS_W6_P1_2","LNS_W6_P1_2.X192"
"LNS_W6_P4_2","LNS_W6_P4_2.X97"
"LNS_W6_P4_2","LNS_W6_P4_2.X98"
"LNS_W6_P4_2","LNS_W6_P4_2.X99"
"LNS_W6_P4_2","LNS_W6_P4_2.X102"
"LNS_W6_P4_2","LNS_W6_P4_2.X105"
"LNS_W6_P4_2","LNS_W6_P4_2.X106"
"LNS_W6_P4_2","LNS_W6_P4_2.X107"
"LNS_W6_P4_2","LNS_W6_P4_2.X109"
"LNS_W6_P4_2","LNS_W6_P4_2.X110"
"LNS_W6_P4_2","LNS_W6_P4_2.X112"
"LNS_W6_P4_2","LNS_W6_P4_2.X116"
"LNS_W6_P4_2","LNS_W6_P4_2.X118"
"LNS_W6_P4_2","LNS_W6_P4_2.X120"
"LNS_W6_P4_2","LNS_W6_P4_2.X121"
"LNS_W6_P4_2","LNS_W6_P4_2.X127"
"LNS_W6_P4_2","LNS_W6_P4_2.X128"
"LNS_W6_P4_2","LNS_W6_P4_2.X129"
"LNS_W6_P4_2","LNS_W6_P4_2.X130"
"LNS_W6_P4_2","LNS_W6_P4_2.X133"
"LNS_W6_P4_2","LNS_W6_P4_2.X135"
"LNS_W6_P4_2","LNS_W6_P4_2.X138"
"LNS_W6_P4_2","LNS_W6_P4_2.X139"
"LNS_W6_P4_2","LNS_W6_P4_2.X141"
"LNS_W6_P4_2","LNS_W6_P4_2.X142"
"LNS_W6_P4_2","LNS_W6_P4_2.X145"
"LNS_W6_P4_2","LNS_W6_P4_2.X148"
"LNS_W6_P4_2","LNS_W6_P4_2.X150"
"LNS_W6_P4_2","LNS_W6_P4_2.X151"
"LNS_W6_P4_2","LNS_W6_P4_2.X152"
"LNS_W6_P4_2","LNS_W6_P4_2.X153"
"LNS_W6_P4_2","LNS_W6_P4_2.X159"
"LNS_W6_P4_2","LNS_W6_P4_2.X161"
"LNS_W6_P4_2","LNS_W6_P4_2.X165"
"LNS_W6_P4_2","LNS_W6_P4_2.X167"
"LNS_W6_P4_2","LNS_W6_P4_2.X174"
"LNS_W6_P4_2","LNS_W6_P4_2.X176"
"LNS_W6_P4_2","LNS_W6_P4_2.X177"
"LNS_W6_P4_2","LNS_W6_P4_2.X178"
"LNS_W6_P4_2","LNS_W6_P4_2.X179"
"LNS_W6_P4_2","LNS_W6_P4_2.X182"
"LNS_W6_P4_2","LNS_W6_P4_2.X184"
"LNS_W6_P4_2","LNS_W6_P4_2.X185"
"LNS_W6_P4_2","LNS_W6_P4_2.X187"
"LNS_W6_P4_2","LNS_W6_P4_2.X190"
"LNS_W6_P4_2","LNS_W6_P4_2.X191"
"LNS_W6_P4_2","LNS_W6_P4_2.X192"
"LNS_W6_P4_3","LNS_W6_P4_3.X2"
"LNS_W6_P4_3","LNS_W6_P4_3.X3"
"LNS_W6_P4_3","LNS_W6_P4_3.X4"
"LNS_W6_P4_3","LNS_W6_P4_3.X6"
"LNS_W6_P4_3","LNS_W6_P4_3.X7"
"LNS_W6_P4_3","LNS_W6_P4_3.X9"
"LNS_W6_P4_3","LNS_W6_P4_3.X10"
"LNS_W6_P4_3","LNS_W6_P4_3.X13"
"LNS_W6_P4_3","LNS_W6_P4_3.X18"
"LNS_W6_P4_3","LNS_W6_P4_3.X20"
"LNS_W6_P4_3","LNS_W6_P4_3.X21"
"LNS_W6_P4_3","LNS_W6_P4_3.X23"
"LNS_W6_P4_3","LNS_W6_P4_3.X25"
"LNS_W6_P4_3","LNS_W6_P4_3.X32"
"LNS_W6_P4_3","LNS_W6_P4_3.X33"
"LNS_W6_P4_3","LNS_W6_P4_3.X35"
"LNS_W6_P4_3","LNS_W6_P4_3.X37"
"LNS_W6_P4_3","LNS_W6_P4_3.X39"
"LNS_W6_P4_3","LNS_W6_P4_3.X40"
"LNS_W6_P4_3","LNS_W6_P4_3.X41"
"LNS_W6_P4_3","LNS_W6_P4_3.X42"
"LNS_W6_P4_3","LNS_W6_P4_3.X46"
"LNS_W6_P4_3","LNS_W6_P4_3.X50"
"LNS_W6_P4_3","LNS_W6_P4_3.X58"
"LNS_W6_P4_3","LNS_W6_P4_3.X60"
"LNS_W6_P4_3","LNS_W6_P4_3.X62"
"LNS_W6_P4_3","LNS_W6_P4_3.X63"
"LNS_W6_P4_3","LNS_W6_P4_3.X65"
"LNS_W6_P4_3","LNS_W6_P4_3.X66"
"LNS_W6_P4_3","LNS_W6_P4_3.X67"
"LNS_W6_P4_3","LNS_W6_P4_3.X69"
"LNS_W6_P4_3","LNS_W6_P4_3.X70"
"LNS_W6_P4_3","LNS_W6_P4_3.X71"
"LNS_W6_P4_3","LNS_W6_P4_3.X72"
"LNS_W6_P4_3","LNS_W6_P4_3.X73"
"LNS_W6_P4_3","LNS_W6_P4_3.X74"
"LNS_W6_P4_3","LNS_W6_P4_3.X78"
"LNS_W6_P4_3","LNS_W6_P4_3.X81"
"LNS_W6_P4_3","LNS_W6_P4_3.X83"
"LNS_W6_P4_3","LNS_W6_P4_3.X84"
"LNS_W6_P4_3","LNS_W6_P4_3.X85"
"LNS_W6_P4_3","LNS_W6_P4_3.X88"
"LNS_W6_P4_3","LNS_W6_P4_3.X89"
"LNS_W6_P4_3","LNS_W6_P4_3.X91"
"LNS_W6_P4_3","LNS_W6_P4_3.X93"
"LNS_W6_P4_3","LNS_W6_P4_3.X94"
"LNS_W6_P4_3","LNS_W6_P4_3.X95"
"LNS_W6_P1_4","LNS_W6_P1_4.X97"
"LNS_W6_P1_4","LNS_W6_P1_4.X100"
"LNS_W6_P1_4","LNS_W6_P1_4.X102"
"LNS_W6_P1_4","LNS_W6_P1_4.X103"
"LNS_W6_P1_4","LNS_W6_P1_4.X104"
"LNS_W6_P1_4","LNS_W6_P1_4.X106"
"LNS_W6_P1_4","LNS_W6_P1_4.X107"
"LNS_W6_P1_4","LNS_W6_P1_4.X109"
"LNS_W6_P1_4","LNS_W6_P1_4.X110"
"LNS_W6_P1_4","LNS_W6_P1_4.X113"
"LNS_W6_P1_4","LNS_W6_P1_4.X115"
"LNS_W6_P1_4","LNS_W6_P1_4.X116"
"LNS_W6_P1_4","LNS_W6_P1_4.X117"
"LNS_W6_P1_4","LNS_W6_P1_4.X118"
"LNS_W6_P1_4","LNS_W6_P1_4.X120"
"LNS_W6_P1_4","LNS_W6_P1_4.X122"
"LNS_W6_P1_4","LNS_W6_P1_4.X123"
"LNS_W6_P1_4","LNS_W6_P1_4.X124"
"LNS_W6_P1_4","LNS_W6_P1_4.X125"
"LNS_W6_P1_4","LNS_W6_P1_4.X126"
"LNS_W6_P1_4","LNS_W6_P1_4.X127"
"LNS_W6_P1_4","LNS_W6_P1_4.X128"
"LNS_W6_P1_4","LNS_W6_P1_4.X129"
"LNS_W6_P1_4","LNS_W6_P1_4.X131"
"LNS_W6_P1_4","LNS_W6_P1_4.X132"
"LNS_W6_P1_4","LNS_W6_P1_4.X133"
"LNS_W6_P1_4","LNS_W6_P1_4.X134"
"LNS_W6_P1_4","LNS_W6_P1_4.X137"
"LNS_W6_P1_4","LNS_W6_P1_4.X139"
"LNS_W6_P1_4","LNS_W6_P1_4.X141"
"LNS_W6_P1_4","LNS_W6_P1_4.X142"
"LNS_W6_P1_4","LNS_W6_P1_4.X143"
"LNS_W6_P1_4","LNS_W6_P1_4.X148"
"LNS_W6_P1_4","LNS_W6_P1_4.X149"
"LNS_W6_P1_4","LNS_W6_P1_4.X150"
"LNS_W6_P1_4","LNS_W6_P1_4.X156"
"LNS_W6_P1_4","LNS_W6_P1_4.X160"
"LNS_W6_P1_4","LNS_W6_P1_4.X162"
"LNS_W6_P1_4","LNS_W6_P1_4.X164"
"LNS_W6_P1_4","LNS_W6_P1_4.X167"
"LNS_W6_P1_4","LNS_W6_P1_4.X168"
"LNS_W6_P1_4","LNS_W6_P1_4.X169"
"LNS_W6_P1_4","LNS_W6_P1_4.X172"
"LNS_W6_P1_4","LNS_W6_P1_4.X173"
"LNS_W6_P1_4","LNS_W6_P1_4.X174"
"LNS_W6_P1_4","LNS_W6_P1_4.X176"
"LNS_W6_P1_4","LNS_W6_P1_4.X179"
"LNS_W6_P1_4","LNS_W6_P1_4.X180"
"LNS_W6_P1_4","LNS_W6_P1_4.X181"
"LNS_W6_P1_4","LNS_W6_P1_4.X182"
"LNS_W6_P1_4","LNS_W6_P1_4.X183"
"LNS_W6_P1_4","LNS_W6_P1_4.X184"
"LNS_W6_P1_4","LNS_W6_P1_4.X186"
"LNS_W6_P1_4","LNS_W6_P1_4.X192"
"LNS_W6_P4_4","LNS_W6_P4_4.X98"
"LNS_W6_P4_4","LNS_W6_P4_4.X99"
"LNS_W6_P4_4","LNS_W6_P4_4.X100"
"LNS_W6_P4_4","LNS_W6_P4_4.X104"
"LNS_W6_P4_4","LNS_W6_P4_4.X105"
"LNS_W6_P4_4","LNS_W6_P4_4.X107"
"LNS_W6_P4_4","LNS_W6_P4_4.X112"
"LNS_W6_P4_4","LNS_W6_P4_4.X113"
"LNS_W6_P4_4","LNS_W6_P4_4.X114"
"LNS_W6_P4_4","LNS_W6_P4_4.X116"
"LNS_W6_P4_4","LNS_W6_P4_4.X118"
"LNS_W6_P4_4","LNS_W6_P4_4.X121"
"LNS_W6_P4_4","LNS_W6_P4_4.X123"
"LNS_W6_P4_4","LNS_W6_P4_4.X129"
"LNS_W6_P4_4","LNS_W6_P4_4.X131"
"LNS_W6_P4_4","LNS_W6_P4_4.X135"
"LNS_W6_P4_4","LNS_W6_P4_4.X136"
"LNS_W6_P4_4","LNS_W6_P4_4.X137"
"LNS_W6_P4_4","LNS_W6_P4_4.X138"
"LNS_W6_P4_4","LNS_W6_P4_4.X139"
"LNS_W6_P4_4","LNS_W6_P4_4.X140"
"LNS_W6_P4_4","LNS_W6_P4_4.X141"
"LNS_W6_P4_4","LNS_W6_P4_4.X146"
"LNS_W6_P4_4","LNS_W6_P4_4.X151"
"LNS_W6_P4_4","LNS_W6_P4_4.X152"
"LNS_W6_P4_4","LNS_W6_P4_4.X153"
"LNS_W6_P4_4","LNS_W6_P4_4.X154"
"LNS_W6_P4_4","LNS_W6_P4_4.X158"
"LNS_W6_P4_4","LNS_W6_P4_4.X159"
"LNS_W6_P4_4","LNS_W6_P4_4.X160"
"LNS_W6_P4_4","LNS_W6_P4_4.X161"
"LNS_W6_P4_4","LNS_W6_P4_4.X162"
"LNS_W6_P4_4","LNS_W6_P4_4.X163"
"LNS_W6_P4_4","LNS_W6_P4_4.X168"
"LNS_W6_P4_4","LNS_W6_P4_4.X169"
"LNS_W6_P4_4","LNS_W6_P4_4.X170"
"LNS_W6_P4_4","LNS_W6_P4_4.X174"
"LNS_W6_P4_4","LNS_W6_P4_4.X175"
"LNS_W6_P4_4","LNS_W6_P4_4.X181"
"LNS_W6_P4_4","LNS_W6_P4_4.X184"
"LNS_W6_P4_4","LNS_W6_P4_4.X185"
"LNS_W6_P4_4","LNS_W6_P4_4.X186"
"LNS_W6_P4_4","LNS_W6_P4_4.X187"
"LNS_W6_P4_4","LNS_W6_P4_4.X189"
"LNS_W6_P4_4","LNS_W6_P4_4.X192"
"LNS_W6_P2_5","LNS_W6_P2_5.X1"
"LNS_W6_P2_5","LNS_W6_P2_5.X4"
"LNS_W6_P2_5","LNS_W6_P2_5.X6"
"LNS_W6_P2_5","LNS_W6_P2_5.X7"
"LNS_W6_P2_5","LNS_W6_P2_5.X8"
"LNS_W6_P2_5","LNS_W6_P2_5.X10"
"LNS_W6_P2_5","LNS_W6_P2_5.X13"
"LNS_W6_P2_5","LNS_W6_P2_5.X14"
"LNS_W6_P2_5","LNS_W6_P2_5.X15"
"LNS_W6_P2_5","LNS_W6_P2_5.X19"
"LNS_W6_P2_5","LNS_W6_P2_5.X22"
"LNS_W6_P2_5","LNS_W6_P2_5.X23"
"LNS_W6_P2_5","LNS_W6_P2_5.X24"
"LNS_W6_P2_5","LNS_W6_P2_5.X25"
"LNS_W6_P2_5","LNS_W6_P2_5.X29"
"LNS_W6_P2_5","LNS_W6_P2_5.X30"
"LNS_W6_P2_5","LNS_W6_P2_5.X31"
"LNS_W6_P2_5","LNS_W6_P2_5.X32"
"LNS_W6_P2_5","LNS_W6_P2_5.X34"
"LNS_W6_P2_5","LNS_W6_P2_5.X40"
"LNS_W6_P2_5","LNS_W6_P2_5.X43"
"LNS_W6_P2_5","LNS_W6_P2_5.X45"
"LNS_W6_P2_5","LNS_W6_P2_5.X47"
"LNS_W6_P2_5","LNS_W6_P2_5.X48"
"LNS_W6_P2_5","LNS_W6_P2_5.X49"
"LNS_W6_P2_5","LNS_W6_P2_5.X50"
"LNS_W6_P2_5","LNS_W6_P2_5.X51"
"LNS_W6_P2_5","LNS_W6_P2_5.X53"
"LNS_W6_P2_5","LNS_W6_P2_5.X55"
"LNS_W6_P2_5","LNS_W6_P2_5.X56"
"LNS_W6_P2_5","LNS_W6_P2_5.X57"
"LNS_W6_P2_5","LNS_W6_P2_5.X58"
"LNS_W6_P2_5","LNS_W6_P2_5.X59"
"LNS_W6_P2_5","LNS_W6_P2_5.X61"
"LNS_W6_P2_5","LNS_W6_P2_5.X62"
"LNS_W6_P2_5","LNS_W6_P2_5.X63"
"LNS_W6_P2_5","LNS_W6_P2_5.X64"
"LNS_W6_P2_5","LNS_W6_P2_5.X65"
"LNS_W6_P2_5","LNS_W6_P2_5.X67"
"LNS_W6_P2_5","LNS_W6_P2_5.X68"
"LNS_W6_P2_5","LNS_W6_P2_5.X69"
"LNS_W6_P2_5","LNS_W6_P2_5.X70"
"LNS_W6_P2_5","LNS_W6_P2_5.X71"
"LNS_W6_P2_5","LNS_W6_P2_5.X73"
"LNS_W6_P2_5","LNS_W6_P2_5.X74"
"LNS_W6_P2_5","LNS_W6_P2_5.X75"
"LNS_W6_P2_5","LNS_W6_P2_5.X76"
"LNS_W6_P2_5","LNS_W6_P2_5.X77"
"LNS_W6_P2_5","LNS_W6_P2_5.X79"
"LNS_W6_P2_5","LNS_W6_P2_5.X83"
"LNS_W6_P2_5","LNS_W6_P2_5.X85"
"LNS_W6_P2_5","LNS_W6_P2_5.X87"
"LNS_W6_P2_5","LNS_W6_P2_5.X88"
"LNS_W6_P2_5","LNS_W6_P2_5.X89"
"LNS_W6_P2_5","LNS_W6_P2_5.X90"
"LNS_W6_P2_5","LNS_W6_P2_5.X91"
"LNS_W6_P2_5","LNS_W6_P2_5.X95"
"LNS_W6_P2_5","LNS_W6_P2_5.X96"
"LNS_W6_P2_6","LNS_W6_P2_6.X98"
"LNS_W6_P2_6","LNS_W6_P2_6.X99"
"LNS_W6_P2_6","LNS_W6_P2_6.X100"
"LNS_W6_P2_6","LNS_W6_P2_6.X101"
"LNS_W6_P2_6","LNS_W6_P2_6.X102"
"LNS_W6_P2_6","LNS_W6_P2_6.X103"
"LNS_W6_P2_6","LNS_W6_P2_6.X105"
"LNS_W6_P2_6","LNS_W6_P2_6.X107"
"LNS_W6_P2_6","LNS_W6_P2_6.X109"
"LNS_W6_P2_6","LNS_W6_P2_6.X112"
"LNS_W6_P2_6","LNS_W6_P2_6.X113"
"LNS_W6_P2_6","LNS_W6_P2_6.X120"
"LNS_W6_P2_6","LNS_W6_P2_6.X121"
"LNS_W6_P2_6","LNS_W6_P2_6.X122"
"LNS_W6_P2_6","LNS_W6_P2_6.X123"
"LNS_W6_P2_6","LNS_W6_P2_6.X124"
"LNS_W6_P2_6","LNS_W6_P2_6.X126"
"LNS_W6_P2_6","LNS_W6_P2_6.X128"
"LNS_W6_P2_6","LNS_W6_P2_6.X129"
"LNS_W6_P2_6","LNS_W6_P2_6.X130"
"LNS_W6_P2_6","LNS_W6_P2_6.X131"
"LNS_W6_P2_6","LNS_W6_P2_6.X134"
"LNS_W6_P2_6","LNS_W6_P2_6.X136"
"LNS_W6_P2_6","LNS_W6_P2_6.X140"
"LNS_W6_P2_6","LNS_W6_P2_6.X143"
"LNS_W6_P2_6","LNS_W6_P2_6.X144"
"LNS_W6_P2_6","LNS_W6_P2_6.X146"
"LNS_W6_P2_6","LNS_W6_P2_6.X147"
"LNS_W6_P2_6","LNS_W6_P2_6.X148"
"LNS_W6_P2_6","LNS_W6_P2_6.X150"
"LNS_W6_P2_6","LNS_W6_P2_6.X151"
"LNS_W6_P2_6","LNS_W6_P2_6.X152"
"LNS_W6_P2_6","LNS_W6_P2_6.X154"
"LNS_W6_P2_6","LNS_W6_P2_6.X157"
"LNS_W6_P2_6","LNS_W6_P2_6.X158"
"LNS_W6_P2_6","LNS_W6_P2_6.X159"
"LNS_W6_P2_6","LNS_W6_P2_6.X161"
"LNS_W6_P2_6","LNS_W6_P2_6.X162"
"LNS_W6_P2_6","LNS_W6_P2_6.X163"
"LNS_W6_P2_6","LNS_W6_P2_6.X164"
"LNS_W6_P2_6","LNS_W6_P2_6.X168"
"LNS_W6_P2_6","LNS_W6_P2_6.X171"
"LNS_W6_P2_6","LNS_W6_P2_6.X172"
"LNS_W6_P2_6","LNS_W6_P2_6.X173"
"LNS_W6_P2_6","LNS_W6_P2_6.X174"
"LNS_W6_P2_6","LNS_W6_P2_6.X176"
"LNS_W6_P2_6","LNS_W6_P2_6.X177"
"LNS_W6_P2_6","LNS_W6_P2_6.X178"
"LNS_W6_P2_6","LNS_W6_P2_6.X179"
"LNS_W6_P2_6","LNS_W6_P2_6.X182"
"LNS_W6_P2_6","LNS_W6_P2_6.X183"
"LNS_W6_P2_6","LNS_W6_P2_6.X185"
"LNS_W6_P2_6","LNS_W6_P2_6.X187"
"LNS_W6_P2_6","LNS_W6_P2_6.X188"
"LNS_W6_P2_6","LNS_W6_P2_6.X189"
"LNS_W6_P2_6","LNS_W6_P2_6.X190"
"LNS_W6_P2_6","LNS_W6_P2_6.X191"
"LNS_W6_P2_6","LNS_W6_P2_6.X192"
"LNS_W6_P2_8","LNS_W6_P2_8.X100"
"LNS_W6_P2_8","LNS_W6_P2_8.X101"
"LNS_W6_P2_8","LNS_W6_P2_8.X103"
"LNS_W6_P2_8","LNS_W6_P2_8.X105"
"LNS_W6_P2_8","LNS_W6_P2_8.X107"
"LNS_W6_P2_8","LNS_W6_P2_8.X108"
"LNS_W6_P2_8","LNS_W6_P2_8.X109"
"LNS_W6_P2_8","LNS_W6_P2_8.X111"
"LNS_W6_P2_8","LNS_W6_P2_8.X112"
"LNS_W6_P2_8","LNS_W6_P2_8.X113"
"LNS_W6_P2_8","LNS_W6_P2_8.X114"
"LNS_W6_P2_8","LNS_W6_P2_8.X116"
"LNS_W6_P2_8","LNS_W6_P2_8.X117"
"LNS_W6_P2_8","LNS_W6_P2_8.X118"
"LNS_W6_P2_8","LNS_W6_P2_8.X119"
"LNS_W6_P2_8","LNS_W6_P2_8.X120"
"LNS_W6_P2_8","LNS_W6_P2_8.X122"
"LNS_W6_P2_8","LNS_W6_P2_8.X125"
"LNS_W6_P2_8","LNS_W6_P2_8.X127"
"LNS_W6_P2_8","LNS_W6_P2_8.X128"
"LNS_W6_P2_8","LNS_W6_P2_8.X130"
"LNS_W6_P2_8","LNS_W6_P2_8.X136"
"LNS_W6_P2_8","LNS_W6_P2_8.X137"
"LNS_W6_P2_8","LNS_W6_P2_8.X140"
"LNS_W6_P2_8","LNS_W6_P2_8.X142"
"LNS_W6_P2_8","LNS_W6_P2_8.X143"
"LNS_W6_P2_8","LNS_W6_P2_8.X144"
"LNS_W6_P2_8","LNS_W6_P2_8.X148"
"LNS_W6_P2_8","LNS_W6_P2_8.X149"
"LNS_W6_P2_8","LNS_W6_P2_8.X151"
"LNS_W6_P2_8","LNS_W6_P2_8.X152"
"LNS_W6_P2_8","LNS_W6_P2_8.X153"
"LNS_W6_P2_8","LNS_W6_P2_8.X154"
"LNS_W6_P2_8","LNS_W6_P2_8.X156"
"LNS_W6_P2_8","LNS_W6_P2_8.X157"
"LNS_W6_P2_8","LNS_W6_P2_8.X158"
"LNS_W6_P2_8","LNS_W6_P2_8.X160"
"LNS_W6_P2_8","LNS_W6_P2_8.X165"
"LNS_W6_P2_8","LNS_W6_P2_8.X166"
"LNS_W6_P2_8","LNS_W6_P2_8.X169"
"LNS_W6_P2_8","LNS_W6_P2_8.X170"
"LNS_W6_P2_8","LNS_W6_P2_8.X171"
"LNS_W6_P2_8","LNS_W6_P2_8.X172"
"LNS_W6_P2_8","LNS_W6_P2_8.X173"
"LNS_W6_P2_8","LNS_W6_P2_8.X174"
"LNS_W6_P2_8","LNS_W6_P2_8.X177"
"LNS_W6_P2_8","LNS_W6_P2_8.X181"
"LNS_W6_P2_8","LNS_W6_P2_8.X185"
"LNS_W6_P2_8","LNS_W6_P2_8.X187"
"LNS_W6_P2_8","LNS_W6_P2_8.X189"
"LNS_W6_P2_8","LNS_W6_P2_8.X191"
"LNS_W6_P2_8","LNS_W6_P2_8.X192"
"LNS_W6_P3_9","LNS_W6_P3_9.X1"
"LNS_W6_P3_9","LNS_W6_P3_9.X2"
"LNS_W6_P3_9","LNS_W6_P3_9.X3"
"LNS_W6_P3_9","LNS_W6_P3_9.X4"
"LNS_W6_P3_9","LNS_W6_P3_9.X5"
"LNS_W6_P3_9","LNS_W6_P3_9.X8"
"LNS_W6_P3_9","LNS_W6_P3_9.X9"
"LNS_W6_P3_9","LNS_W6_P3_9.X11"
"LNS_W6_P3_9","LNS_W6_P3_9.X13"
"LNS_W6_P3_9","LNS_W6_P3_9.X16"
"LNS_W6_P3_9","LNS_W6_P3_9.X18"
"LNS_W6_P3_9","LNS_W6_P3_9.X19"
"LNS_W6_P3_9","LNS_W6_P3_9.X20"
"LNS_W6_P3_9","LNS_W6_P3_9.X21"
"LNS_W6_P3_9","LNS_W6_P3_9.X23"
"LNS_W6_P3_9","LNS_W6_P3_9.X24"
"LNS_W6_P3_9","LNS_W6_P3_9.X25"
"LNS_W6_P3_9","LNS_W6_P3_9.X26"
"LNS_W6_P3_9","LNS_W6_P3_9.X27"
"LNS_W6_P3_9","LNS_W6_P3_9.X28"
"LNS_W6_P3_9","LNS_W6_P3_9.X32"
"LNS_W6_P3_9","LNS_W6_P3_9.X33"
"LNS_W6_P3_9","LNS_W6_P3_9.X37"
"LNS_W6_P3_9","LNS_W6_P3_9.X38"
"LNS_W6_P3_9","LNS_W6_P3_9.X39"
"LNS_W6_P3_9","LNS_W6_P3_9.X40"
"LNS_W6_P3_9","LNS_W6_P3_9.X41"
"LNS_W6_P3_9","LNS_W6_P3_9.X43"
"LNS_W6_P3_9","LNS_W6_P3_9.X45"
"LNS_W6_P3_9","LNS_W6_P3_9.X48"
"LNS_W6_P3_9","LNS_W6_P3_9.X49"
"LNS_W6_P3_9","LNS_W6_P3_9.X50"
"LNS_W6_P3_9","LNS_W6_P3_9.X52"
"LNS_W6_P3_9","LNS_W6_P3_9.X53"
"LNS_W6_P3_9","LNS_W6_P3_9.X54"
"LNS_W6_P3_9","LNS_W6_P3_9.X56"
"LNS_W6_P3_9","LNS_W6_P3_9.X60"
"LNS_W6_P3_9","LNS_W6_P3_9.X61"
"LNS_W6_P3_9","LNS_W6_P3_9.X62"
"LNS_W6_P3_9","LNS_W6_P3_9.X64"
"LNS_W6_P3_9","LNS_W6_P3_9.X65"
"LNS_W6_P3_9","LNS_W6_P3_9.X66"
"LNS_W6_P3_9","LNS_W6_P3_9.X69"
"LNS_W6_P3_9","LNS_W6_P3_9.X70"
"LNS_W6_P3_9","LNS_W6_P3_9.X71"
"LNS_W6_P3_9","LNS_W6_P3_9.X72"
"LNS_W6_P3_9","LNS_W6_P3_9.X74"
"LNS_W6_P3_9","LNS_W6_P3_9.X76"
"LNS_W6_P3_9","LNS_W6_P3_9.X78"
"LNS_W6_P3_9","LNS_W6_P3_9.X79"
"LNS_W6_P3_9","LNS_W6_P3_9.X80"
"LNS_W6_P3_9","LNS_W6_P3_9.X81"
"LNS_W6_P3_9","LNS_W6_P3_9.X86"
"LNS_W6_P3_9","LNS_W6_P3_9.X91"
"LNS_W6_P3_9","LNS_W6_P3_9.X92"
"LNS_W6_P3_10","LNS_W6_P3_10.X97"
"LNS_W6_P3_10","LNS_W6_P3_10.X98"
"LNS_W6_P3_10","LNS_W6_P3_10.X99"
"LNS_W6_P3_10","LNS_W6_P3_10.X100"
"LNS_W6_P3_10","LNS_W6_P3_10.X101"
"LNS_W6_P3_10","LNS_W6_P3_10.X102"
"LNS_W6_P3_10","LNS_W6_P3_10.X103"
"LNS_W6_P3_10","LNS_W6_P3_10.X105"
"LNS_W6_P3_10","LNS_W6_P3_10.X106"
"LNS_W6_P3_10","LNS_W6_P3_10.X110"
"LNS_W6_P3_10","LNS_W6_P3_10.X111"
"LNS_W6_P3_10","LNS_W6_P3_10.X112"
"LNS_W6_P3_10","LNS_W6_P3_10.X113"
"LNS_W6_P3_10","LNS_W6_P3_10.X114"
"LNS_W6_P3_10","LNS_W6_P3_10.X115"
"LNS_W6_P3_10","LNS_W6_P3_10.X117"
"LNS_W6_P3_10","LNS_W6_P3_10.X120"
"LNS_W6_P3_10","LNS_W6_P3_10.X121"
"LNS_W6_P3_10","LNS_W6_P3_10.X124"
"LNS_W6_P3_10","LNS_W6_P3_10.X125"
"LNS_W6_P3_10","LNS_W6_P3_10.X128"
"LNS_W6_P3_10","LNS_W6_P3_10.X129"
"LNS_W6_P3_10","LNS_W6_P3_10.X130"
"LNS_W6_P3_10","LNS_W6_P3_10.X133"
"LNS_W6_P3_10","LNS_W6_P3_10.X134"
"LNS_W6_P3_10","LNS_W6_P3_10.X136"
"LNS_W6_P3_10","LNS_W6_P3_10.X137"
"LNS_W6_P3_10","LNS_W6_P3_10.X140"
"LNS_W6_P3_10","LNS_W6_P3_10.X142"
"LNS_W6_P3_10","LNS_W6_P3_10.X143"
"LNS_W6_P3_10","LNS_W6_P3_10.X145"
"LNS_W6_P3_10","LNS_W6_P3_10.X146"
"LNS_W6_P3_10","LNS_W6_P3_10.X148"
"LNS_W6_P3_10","LNS_W6_P3_10.X152"
"LNS_W6_P3_10","LNS_W6_P3_10.X154"
"LNS_W6_P3_10","LNS_W6_P3_10.X155"
"LNS_W6_P3_10","LNS_W6_P3_10.X157"
"LNS_W6_P3_10","LNS_W6_P3_10.X159"
"LNS_W6_P3_10","LNS_W6_P3_10.X162"
"LNS_W6_P3_10","LNS_W6_P3_10.X163"
"LNS_W6_P3_10","LNS_W6_P3_10.X165"
"LNS_W6_P3_10","LNS_W6_P3_10.X166"
"LNS_W6_P3_10","LNS_W6_P3_10.X167"
"LNS_W6_P3_10","LNS_W6_P3_10.X170"
"LNS_W6_P3_10","LNS_W6_P3_10.X172"
"LNS_W6_P3_10","LNS_W6_P3_10.X173"
"LNS_W6_P3_10","LNS_W6_P3_10.X176"
"LNS_W6_P3_10","LNS_W6_P3_10.X177"
"LNS_W6_P3_10","LNS_W6_P3_10.X178"
"LNS_W6_P3_10","LNS_W6_P3_10.X180"
"LNS_W6_P3_10","LNS_W6_P3_10.X182"
"LNS_W6_P3_10","LNS_W6_P3_10.X183"
"LNS_W6_P3_10","LNS_W6_P3_10.X186"
"LNS_W6_P3_10","LNS_W6_P3_10.X187"
"LNS_W6_P3_10","LNS_W6_P3_10.X188"
"LNS_W6_P3_10","LNS_W6_P3_10.X191"
"LNS_W6_P3_12","LNS_W6_P3_12.X97"
"LNS_W6_P3_12","LNS_W6_P3_12.X99"
"LNS_W6_P3_12","LNS_W6_P3_12.X100"
"LNS_W6_P3_12","LNS_W6_P3_12.X101"
"LNS_W6_P3_12","LNS_W6_P3_12.X102"
"LNS_W6_P3_12","LNS_W6_P3_12.X103"
"LNS_W6_P3_12","LNS_W6_P3_12.X107"
"LNS_W6_P3_12","LNS_W6_P3_12.X109"
"LNS_W6_P3_12","LNS_W6_P3_12.X111"
"LNS_W6_P3_12","LNS_W6_P3_12.X113"
"LNS_W6_P3_12","LNS_W6_P3_12.X114"
"LNS_W6_P3_12","LNS_W6_P3_12.X116"
"LNS_W6_P3_12","LNS_W6_P3_12.X118"
"LNS_W6_P3_12","LNS_W6_P3_12.X119"
"LNS_W6_P3_12","LNS_W6_P3_12.X120"
"LNS_W6_P3_12","LNS_W6_P3_12.X121"
"LNS_W6_P3_12","LNS_W6_P3_12.X124"
"LNS_W6_P3_12","LNS_W6_P3_12.X125"
"LNS_W6_P3_12","LNS_W6_P3_12.X126"
"LNS_W6_P3_12","LNS_W6_P3_12.X128"
"LNS_W6_P3_12","LNS_W6_P3_12.X131"
"LNS_W6_P3_12","LNS_W6_P3_12.X134"
"LNS_W6_P3_12","LNS_W6_P3_12.X136"
"LNS_W6_P3_12","LNS_W6_P3_12.X139"
"LNS_W6_P3_12","LNS_W6_P3_12.X140"
"LNS_W6_P3_12","LNS_W6_P3_12.X141"
"LNS_W6_P3_12","LNS_W6_P3_12.X144"
"LNS_W6_P3_12","LNS_W6_P3_12.X147"
"LNS_W6_P3_12","LNS_W6_P3_12.X150"
"LNS_W6_P3_12","LNS_W6_P3_12.X153"
"LNS_W6_P3_12","LNS_W6_P3_12.X155"
"LNS_W6_P3_12","LNS_W6_P3_12.X156"
"LNS_W6_P3_12","LNS_W6_P3_12.X158"
"LNS_W6_P3_12","LNS_W6_P3_12.X159"
"LNS_W6_P3_12","LNS_W6_P3_12.X160"
"LNS_W6_P3_12","LNS_W6_P3_12.X162"
"LNS_W6_P3_12","LNS_W6_P3_12.X165"
"LNS_W6_P3_12","LNS_W6_P3_12.X166"
"LNS_W6_P3_12","LNS_W6_P3_12.X167"
"LNS_W6_P3_12","LNS_W6_P3_12.X168"
"LNS_W6_P3_12","LNS_W6_P3_12.X173"
"LNS_W6_P3_12","LNS_W6_P3_12.X176"
"LNS_W6_P3_12","LNS_W6_P3_12.X180"
"LNS_W6_P3_12","LNS_W6_P3_12.X186"
"LNS_W6_P3_12","LNS_W6_P3_12.X188"
"LNS_W6_P3_12","LNS_W6_P3_12.X189"
"LNS1_10","LNS1_10.X97"
"LNS1_10","LNS1_10.X99"
"LNS1_10","LNS1_10.X100"
"LNS1_10","LNS1_10.X103"
"LNS1_10","LNS1_10.X104"
"LNS1_10","LNS1_10.X105"
"LNS1_10","LNS1_10.X108"
"LNS1_10","LNS1_10.X109"
"LNS1_10","LNS1_10.X110"
"LNS1_10","LNS1_10.X111"
"LNS1_10","LNS1_10.X113"
"LNS1_10","LNS1_10.X114"
"LNS1_10","LNS1_10.X115"
"LNS1_10","LNS1_10.X116"
"LNS1_10","LNS1_10.X117"
"LNS1_10","LNS1_10.X118"
"LNS1_10","LNS1_10.X119"
"LNS1_10","LNS1_10.X120"
"LNS1_10","LNS1_10.X122"
"LNS1_10","LNS1_10.X123"
"LNS1_10","LNS1_10.X124"
"LNS1_10","LNS1_10.X125"
"LNS1_10","LNS1_10.X127"
"LNS1_10","LNS1_10.X131"
"LNS1_10","LNS1_10.X132"
"LNS1_10","LNS1_10.X133"
"LNS1_10","LNS1_10.X134"
"LNS1_10","LNS1_10.X135"
"LNS1_10","LNS1_10.X137"
"LNS1_10","LNS1_10.X138"
"LNS1_10","LNS1_10.X141"
"LNS1_10","LNS1_10.X143"
"LNS1_10","LNS1_10.X144"
"LNS1_10","LNS1_10.X148"
"LNS1_10","LNS1_10.X149"
"LNS1_10","LNS1_10.X150"
"LNS1_10","LNS1_10.X152"
"LNS1_10","LNS1_10.X153"
"LNS1_10","LNS1_10.X154"
"LNS1_10","LNS1_10.X155"
"LNS1_10","LNS1_10.X156"
"LNS1_10","LNS1_10.X158"
"LNS1_10","LNS1_10.X159"
"LNS1_10","LNS1_10.X160"
"LNS1_10","LNS1_10.X163"
"LNS1_10","LNS1_10.X164"
"LNS1_10","LNS1_10.X165"
"LNS1_10","LNS1_10.X167"
"LNS1_10","LNS1_10.X168"
"LNS1_10","LNS1_10.X169"
"LNS1_10","LNS1_10.X170"
"LNS1_10","LNS1_10.X173"
"LNS1_10","LNS1_10.X175"
"LNS1_10","LNS1_10.X176"
"LNS1_10","LNS1_10.X178"
"LNS1_10","LNS1_10.X179"
"LNS1_10","LNS1_10.X180"
"LNS1_10","LNS1_10.X181"
"LNS1_10","LNS1_10.X182"
"LNS1_10","LNS1_10.X183"
"LNS1_10","LNS1_10.X184"
"LNS1_10","LNS1_10.X185"
"LNS1_10","LNS1_10.X187"
"LNS1_10","LNS1_10.X188"
"LNS1_10","LNS1_10.X189"
"LNS1_10","LNS1_10.X191"
"LNS1_10","LNS1_10.X192"
"LNS1_11","LNS1_11.X1"
"LNS1_11","LNS1_11.X3"
"LNS1_11","LNS1_11.X4"
"LNS1_11","LNS1_11.X5"
"LNS1_11","LNS1_11.X6"
"LNS1_11","LNS1_11.X7"
"LNS1_11","LNS1_11.X8"
"LNS1_11","LNS1_11.X9"
"LNS1_11","LNS1_11.X10"
"LNS1_11","LNS1_11.X12"
"LNS1_11","LNS1_11.X14"
"LNS1_11","LNS1_11.X15"
"LNS1_11","LNS1_11.X16"
"LNS1_11","LNS1_11.X17"
"LNS1_11","LNS1_11.X18"
"LNS1_11","LNS1_11.X19"
"LNS1_11","LNS1_11.X20"
"LNS1_11","LNS1_11.X21"
"LNS1_11","LNS1_11.X22"
"LNS1_11","LNS1_11.X23"
"LNS1_11","LNS1_11.X24"
"LNS1_11","LNS1_11.X25"
"LNS1_11","LNS1_11.X26"
"LNS1_11","LNS1_11.X27"
"LNS1_11","LNS1_11.X29"
"LNS1_11","LNS1_11.X31"
"LNS1_11","LNS1_11.X32"
"LNS1_11","LNS1_11.X34"
"LNS1_11","LNS1_11.X35"
"LNS1_11","LNS1_11.X37"
"LNS1_11","LNS1_11.X38"
"LNS1_11","LNS1_11.X39"
"LNS1_11","LNS1_11.X40"
"LNS1_11","LNS1_11.X41"
"LNS1_11","LNS1_11.X42"
"LNS1_11","LNS1_11.X43"
"LNS1_11","LNS1_11.X44"
"LNS1_11","LNS1_11.X45"
"LNS1_11","LNS1_11.X46"
"LNS1_11","LNS1_11.X49"
"LNS1_11","LNS1_11.X50"
"LNS1_11","LNS1_11.X51"
"LNS1_11","LNS1_11.X52"
"LNS1_11","LNS1_11.X53"
"LNS1_11","LNS1_11.X54"
"LNS1_11","LNS1_11.X55"
"LNS1_11","LNS1_11.X57"
"LNS1_11","LNS1_11.X58"
"LNS1_11","LNS1_11.X59"
"LNS1_11","LNS1_11.X60"
"LNS1_11","LNS1_11.X61"
"LNS1_11","LNS1_11.X63"
"LNS1_11","LNS1_11.X64"
"LNS1_11","LNS1_11.X65"
"LNS1_11","LNS1_11.X66"
"LNS1_11","LNS1_11.X67"
"LNS1_11","LNS1_11.X69"
"LNS1_11","LNS1_11.X70"
"LNS1_11","LNS1_11.X71"
"LNS1_11","LNS1_11.X72"
"LNS1_11","LNS1_11.X73"
"LNS1_11","LNS1_11.X74"
"LNS1_11","LNS1_11.X75"
"LNS1_11","LNS1_11.X76"
"LNS1_11","LNS1_11.X77"
"LNS1_11","LNS1_11.X80"
"LNS1_11","LNS1_11.X81"
"LNS1_11","LNS1_11.X82"
"LNS1_11","LNS1_11.X83"
"LNS1_11","LNS1_11.X84"
"LNS1_11","LNS1_11.X85"
"LNS1_11","LNS1_11.X86"
"LNS1_11","LNS1_11.X87"
"LNS1_11","LNS1_11.X89"
"LNS1_11","LNS1_11.X90"
"LNS1_11","LNS1_11.X91"
"LNS1_11","LNS1_11.X92"
"LNS1_11","LNS1_11.X93"
"LNS1_11","LNS1_11.X94"
"LNS1_11","LNS1_11.X95"
"LNS1_12","LNS1_12.X98"
"LNS1_12","LNS1_12.X99"
"LNS1_12","LNS1_12.X100"
"LNS1_12","LNS1_12.X102"
"LNS1_12","LNS1_12.X104"
"LNS1_12","LNS1_12.X105"
"LNS1_12","LNS1_12.X106"
"LNS1_12","LNS1_12.X107"
"LNS1_12","LNS1_12.X108"
"LNS1_12","LNS1_12.X109"
"LNS1_12","LNS1_12.X112"
"LNS1_12","LNS1_12.X113"
"LNS1_12","LNS1_12.X114"
"LNS1_12","LNS1_12.X115"
"LNS1_12","LNS1_12.X116"
"LNS1_12","LNS1_12.X117"
"LNS1_12","LNS1_12.X118"
"LNS1_12","LNS1_12.X124"
"LNS1_12","LNS1_12.X127"
"LNS1_12","LNS1_12.X130"
"LNS1_12","LNS1_12.X131"
"LNS1_12","LNS1_12.X132"
"LNS1_12","LNS1_12.X134"
"LNS1_12","LNS1_12.X136"
"LNS1_12","LNS1_12.X137"
"LNS1_12","LNS1_12.X140"
"LNS1_12","LNS1_12.X141"
"LNS1_12","LNS1_12.X143"
"LNS1_12","LNS1_12.X144"
"LNS1_12","LNS1_12.X145"
"LNS1_12","LNS1_12.X147"
"LNS1_12","LNS1_12.X150"
"LNS1_12","LNS1_12.X151"
"LNS1_12","LNS1_12.X153"
"LNS1_12","LNS1_12.X154"
"LNS1_12","LNS1_12.X158"
"LNS1_12","LNS1_12.X160"
"LNS1_12","LNS1_12.X165"
"LNS1_12","LNS1_12.X166"
"LNS1_12","LNS1_12.X167"
"LNS1_12","LNS1_12.X168"
"LNS1_12","LNS1_12.X169"
"LNS1_12","LNS1_12.X170"
"LNS1_12","LNS1_12.X171"
"LNS1_12","LNS1_12.X172"
"LNS1_12","LNS1_12.X175"
"LNS1_12","LNS1_12.X182"
"LNS1_12","LNS1_12.X183"
"LNS1_12","LNS1_12.X184"
"LNS1_12","LNS1_12.X185"
"LNS1_12","LNS1_12.X186"
"LNS1_12","LNS1_12.X187"
"LNS1_12","LNS1_12.X188"
"LNS1_12","LNS1_12.X190"
"LNS1_12","LNS1_12.X192"
"LNS1_9","LNS1_9.X1"
"LNS1_9","LNS1_9.X2"
"LNS1_9","LNS1_9.X3"
"LNS1_9","LNS1_9.X4"
"LNS1_9","LNS1_9.X5"
"LNS1_9","LNS1_9.X6"
"LNS1_9","LNS1_9.X7"
"LNS1_9","LNS1_9.X11"
"LNS1_9","LNS1_9.X12"
"LNS1_9","LNS1_9.X14"
"LNS1_9","LNS1_9.X15"
"LNS1_9","LNS1_9.X17"
"LNS1_9","LNS1_9.X19"
"LNS1_9","LNS1_9.X20"
"LNS1_9","LNS1_9.X21"
"LNS1_9","LNS1_9.X23"
"LNS1_9","LNS1_9.X24"
"LNS1_9","LNS1_9.X26"
"LNS1_9","LNS1_9.X27"
"LNS1_9","LNS1_9.X28"
"LNS1_9","LNS1_9.X29"
"LNS1_9","LNS1_9.X30"
"LNS1_9","LNS1_9.X33"
"LNS1_9","LNS1_9.X34"
"LNS1_9","LNS1_9.X35"
"LNS1_9","LNS1_9.X36"
"LNS1_9","LNS1_9.X37"
"LNS1_9","LNS1_9.X38"
"LNS1_9","LNS1_9.X39"
"LNS1_9","LNS1_9.X40"
"LNS1_9","LNS1_9.X41"
"LNS1_9","LNS1_9.X42"
"LNS1_9","LNS1_9.X43"
"LNS1_9","LNS1_9.X44"
"LNS1_9","LNS1_9.X45"
"LNS1_9","LNS1_9.X46"
"LNS1_9","LNS1_9.X47"
"LNS1_9","LNS1_9.X48"
"LNS1_9","LNS1_9.X49"
"LNS1_9","LNS1_9.X50"
"LNS1_9","LNS1_9.X51"
"LNS1_9","LNS1_9.X52"
"LNS1_9","LNS1_9.X53"
"LNS1_9","LNS1_9.X54"
"LNS1_9","LNS1_9.X56"
"LNS1_9","LNS1_9.X57"
"LNS1_9","LNS1_9.X58"
"LNS1_9","LNS1_9.X59"
"LNS1_9","LNS1_9.X60"
"LNS1_9","LNS1_9.X61"
"LNS1_9","LNS1_9.X62"
"LNS1_9","LNS1_9.X64"
"LNS1_9","LNS1_9.X65"
"LNS1_9","LNS1_9.X67"
"LNS1_9","LNS1_9.X68"
"LNS1_9","LNS1_9.X71"
"LNS1_9","LNS1_9.X72"
"LNS1_9","LNS1_9.X74"
"LNS1_9","LNS1_9.X75"
"LNS1_9","LNS1_9.X76"
"LNS1_9","LNS1_9.X77"
"LNS1_9","LNS1_9.X78"
"LNS1_9","LNS1_9.X80"
"LNS1_9","LNS1_9.X81"
"LNS1_9","LNS1_9.X82"
"LNS1_9","LNS1_9.X84"
"LNS1_9","LNS1_9.X85"
"LNS1_9","LNS1_9.X86"
"LNS1_9","LNS1_9.X87"
"LNS1_9","LNS1_9.X90"
"LNS1_9","LNS1_9.X91"
"LNS1_9","LNS1_9.X92"
"LNS1_9","LNS1_9.X93"
"LNS1_9","LNS1_9.X94"
"LNS1_9","LNS1_9.X95"
"LNS2_1","LNS2_1.X2"
"LNS2_1","LNS2_1.X3"
"LNS2_1","LNS2_1.X4"
"LNS2_1","LNS2_1.X6"
"LNS2_1","LNS2_1.X7"
"LNS2_1","LNS2_1.X10"
"LNS2_1","LNS2_1.X11"
"LNS2_1","LNS2_1.X12"
"LNS2_1","LNS2_1.X13"
"LNS2_1","LNS2_1.X14"
"LNS2_1","LNS2_1.X15"
"LNS2_1","LNS2_1.X16"
"LNS2_1","LNS2_1.X17"
"LNS2_1","LNS2_1.X18"
"LNS2_1","LNS2_1.X19"
"LNS2_1","LNS2_1.X21"
"LNS2_1","LNS2_1.X22"
"LNS2_1","LNS2_1.X23"
"LNS2_1","LNS2_1.X24"
"LNS2_1","LNS2_1.X25"
"LNS2_1","LNS2_1.X26"
"LNS2_1","LNS2_1.X27"
"LNS2_1","LNS2_1.X28"
"LNS2_1","LNS2_1.X29"
"LNS2_1","LNS2_1.X30"
"LNS2_1","LNS2_1.X31"
"LNS2_1","LNS2_1.X32"
"LNS2_1","LNS2_1.X33"
"LNS2_1","LNS2_1.X34"
"LNS2_1","LNS2_1.X35"
"LNS2_1","LNS2_1.X36"
"LNS2_1","LNS2_1.X37"
"LNS2_1","LNS2_1.X38"
"LNS2_1","LNS2_1.X39"
"LNS2_1","LNS2_1.X40"
"LNS2_1","LNS2_1.X41"
"LNS2_1","LNS2_1.X42"
"LNS2_1","LNS2_1.X45"
"LNS2_1","LNS2_1.X48"
"LNS2_1","LNS2_1.X50"
"LNS2_1","LNS2_1.X51"
"LNS2_1","LNS2_1.X52"
"LNS2_1","LNS2_1.X53"
"LNS2_1","LNS2_1.X54"
"LNS2_1","LNS2_1.X55"
"LNS2_1","LNS2_1.X56"
"LNS2_1","LNS2_1.X57"
"LNS2_1","LNS2_1.X58"
"LNS2_1","LNS2_1.X59"
"LNS2_1","LNS2_1.X60"
"LNS2_1","LNS2_1.X61"
"LNS2_1","LNS2_1.X62"
"LNS2_1","LNS2_1.X66"
"LNS2_1","LNS2_1.X67"
"LNS2_1","LNS2_1.X69"
"LNS2_1","LNS2_1.X70"
"LNS2_1","LNS2_1.X71"
"LNS2_1","LNS2_1.X72"
"LNS2_1","LNS2_1.X74"
"LNS2_1","LNS2_1.X76"
"LNS2_1","LNS2_1.X78"
"LNS2_1","LNS2_1.X81"
"LNS2_1","LNS2_1.X82"
"LNS2_1","LNS2_1.X83"
"LNS2_1","LNS2_1.X84"
"LNS2_1","LNS2_1.X85"
"LNS2_1","LNS2_1.X86"
"LNS2_1","LNS2_1.X87"
"LNS2_1","LNS2_1.X88"
"LNS2_1","LNS2_1.X89"
"LNS2_1","LNS2_1.X90"
"LNS2_1","LNS2_1.X91"
"LNS2_1","LNS2_1.X92"
"LNS2_1","LNS2_1.X93"
"LNS2_1","LNS2_1.X94"
"LNS2_1","LNS2_1.X95"
"LNS2_1","LNS2_1.X96"
"LNS2_2","LNS2_2.X97"
"LNS2_2","LNS2_2.X98"
"LNS2_2","LNS2_2.X99"
"LNS2_2","LNS2_2.X100"
"LNS2_2","LNS2_2.X103"
"LNS2_2","LNS2_2.X105"
"LNS2_2","LNS2_2.X106"
"LNS2_2","LNS2_2.X107"
"LNS2_2","LNS2_2.X108"
"LNS2_2","LNS2_2.X109"
"LNS2_2","LNS2_2.X110"
"LNS2_2","LNS2_2.X111"
"LNS2_2","LNS2_2.X112"
"LNS2_2","LNS2_2.X113"
"LNS2_2","LNS2_2.X114"
"LNS2_2","LNS2_2.X116"
"LNS2_2","LNS2_2.X117"
"LNS2_2","LNS2_2.X118"
"LNS2_2","LNS2_2.X119"
"LNS2_2","LNS2_2.X121"
"LNS2_2","LNS2_2.X122"
"LNS2_2","LNS2_2.X123"
"LNS2_2","LNS2_2.X124"
"LNS2_2","LNS2_2.X125"
"LNS2_2","LNS2_2.X126"
"LNS2_2","LNS2_2.X127"
"LNS2_2","LNS2_2.X128"
"LNS2_2","LNS2_2.X129"
"LNS2_2","LNS2_2.X131"
"LNS2_2","LNS2_2.X132"
"LNS2_2","LNS2_2.X133"
"LNS2_2","LNS2_2.X134"
"LNS2_2","LNS2_2.X135"
"LNS2_2","LNS2_2.X139"
"LNS2_2","LNS2_2.X140"
"LNS2_2","LNS2_2.X141"
"LNS2_2","LNS2_2.X142"
"LNS2_2","LNS2_2.X143"
"LNS2_2","LNS2_2.X144"
"LNS2_2","LNS2_2.X145"
"LNS2_2","LNS2_2.X146"
"LNS2_2","LNS2_2.X148"
"LNS2_2","LNS2_2.X149"
"LNS2_2","LNS2_2.X150"
"LNS2_2","LNS2_2.X151"
"LNS2_2","LNS2_2.X152"
"LNS2_2","LNS2_2.X153"
"LNS2_2","LNS2_2.X155"
"LNS2_2","LNS2_2.X157"
"LNS2_2","LNS2_2.X158"
"LNS2_2","LNS2_2.X159"
"LNS2_2","LNS2_2.X160"
"LNS2_2","LNS2_2.X161"
"LNS2_2","LNS2_2.X163"
"LNS2_2","LNS2_2.X164"
"LNS2_2","LNS2_2.X165"
"LNS2_2","LNS2_2.X166"
"LNS2_2","LNS2_2.X167"
"LNS2_2","LNS2_2.X169"
"LNS2_2","LNS2_2.X170"
"LNS2_2","LNS2_2.X171"
"LNS2_2","LNS2_2.X172"
"LNS2_2","LNS2_2.X175"
"LNS2_2","LNS2_2.X178"
"LNS2_2","LNS2_2.X179"
"LNS2_2","LNS2_2.X180"
"LNS2_2","LNS2_2.X181"
"LNS2_2","LNS2_2.X182"
"LNS2_2","LNS2_2.X184"
"LNS2_2","LNS2_2.X185"
"LNS2_2","LNS2_2.X186"
"LNS2_2","LNS2_2.X187"
"LNS2_2","LNS2_2.X188"
"LNS2_2","LNS2_2.X190"
"LNS2_2","LNS2_2.X191"
"LNS2_3","LNS2_3.X1"
"LNS2_3","LNS2_3.X3"
"LNS2_3","LNS2_3.X4"
"LNS2_3","LNS2_3.X5"
"LNS2_3","LNS2_3.X6"
"LNS2_3","LNS2_3.X7"
"LNS2_3","LNS2_3.X8"
"LNS2_3","LNS2_3.X10"
"LNS2_3","LNS2_3.X11"
"LNS2_3","LNS2_3.X13"
"LNS2_3","LNS2_3.X15"
"LNS2_3","LNS2_3.X16"
"LNS2_3","LNS2_3.X17"
"LNS2_3","LNS2_3.X19"
"LNS2_3","LNS2_3.X20"
"LNS2_3","LNS2_3.X21"
"LNS2_3","LNS2_3.X22"
"LNS2_3","LNS2_3.X23"
"LNS2_3","LNS2_3.X24"
"LNS2_3","LNS2_3.X25"
"LNS2_3","LNS2_3.X26"
"LNS2_3","LNS2_3.X27"
"LNS2_3","LNS2_3.X28"
"LNS2_3","LNS2_3.X29"
"LNS2_3","LNS2_3.X30"
"LNS2_3","LNS2_3.X31"
"LNS2_3","LNS2_3.X32"
"LNS2_3","LNS2_3.X35"
"LNS2_3","LNS2_3.X36"
"LNS2_3","LNS2_3.X37"
"LNS2_3","LNS2_3.X38"
"LNS2_3","LNS2_3.X39"
"LNS2_3","LNS2_3.X40"
"LNS2_3","LNS2_3.X41"
"LNS2_3","LNS2_3.X43"
"LNS2_3","LNS2_3.X44"
"LNS2_3","LNS2_3.X45"
"LNS2_3","LNS2_3.X46"
"LNS2_3","LNS2_3.X47"
"LNS2_3","LNS2_3.X48"
"LNS2_3","LNS2_3.X50"
"LNS2_3","LNS2_3.X51"
"LNS2_3","LNS2_3.X52"
"LNS2_3","LNS2_3.X53"
"LNS2_3","LNS2_3.X54"
"LNS2_3","LNS2_3.X55"
"LNS2_3","LNS2_3.X57"
"LNS2_3","LNS2_3.X58"
"LNS2_3","LNS2_3.X59"
"LNS2_3","LNS2_3.X60"
"LNS2_3","LNS2_3.X61"
"LNS2_3","LNS2_3.X62"
"LNS2_3","LNS2_3.X63"
"LNS2_3","LNS2_3.X64"
"LNS2_3","LNS2_3.X65"
"LNS2_3","LNS2_3.X66"
"LNS2_3","LNS2_3.X67"
"LNS2_3","LNS2_3.X68"
"LNS2_3","LNS2_3.X69"
"LNS2_3","LNS2_3.X70"
"LNS2_3","LNS2_3.X71"
"LNS2_3","LNS2_3.X72"
"LNS2_3","LNS2_3.X73"
"LNS2_3","LNS2_3.X75"
"LNS2_3","LNS2_3.X76"
"LNS2_3","LNS2_3.X77"
"LNS2_3","LNS2_3.X78"
"LNS2_3","LNS2_3.X79"
"LNS2_3","LNS2_3.X80"
"LNS2_3","LNS2_3.X81"
"LNS2_3","LNS2_3.X82"
"LNS2_3","LNS2_3.X83"
"LNS2_3","LNS2_3.X84"
"LNS2_3","LNS2_3.X85"
"LNS2_3","LNS2_3.X86"
"LNS2_3","LNS2_3.X88"
"LNS2_3","LNS2_3.X90"
"LNS2_3","LNS2_3.X92"
"LNS2_3","LNS2_3.X93"
"LNS2_3","LNS2_3.X95"
"LNS2_4","LNS2_4.X97"
"LNS2_4","LNS2_4.X98"
"LNS2_4","LNS2_4.X99"
"LNS2_4","LNS2_4.X100"
"LNS2_4","LNS2_4.X101"
"LNS2_4","LNS2_4.X102"
"LNS2_4","LNS2_4.X103"
"LNS2_4","LNS2_4.X104"
"LNS2_4","LNS2_4.X105"
"LNS2_4","LNS2_4.X106"
"LNS2_4","LNS2_4.X107"
"LNS2_4","LNS2_4.X108"
"LNS2_4","LNS2_4.X109"
"LNS2_4","LNS2_4.X110"
"LNS2_4","LNS2_4.X111"
"LNS2_4","LNS2_4.X114"
"LNS2_4","LNS2_4.X116"
"LNS2_4","LNS2_4.X117"
"LNS2_4","LNS2_4.X118"
"LNS2_4","LNS2_4.X119"
"LNS2_4","LNS2_4.X120"
"LNS2_4","LNS2_4.X121"
"LNS2_4","LNS2_4.X122"
"LNS2_4","LNS2_4.X123"
"LNS2_4","LNS2_4.X125"
"LNS2_4","LNS2_4.X126"
"LNS2_4","LNS2_4.X127"
"LNS2_4","LNS2_4.X130"
"LNS2_4","LNS2_4.X131"
"LNS2_4","LNS2_4.X132"
"LNS2_4","LNS2_4.X134"
"LNS2_4","LNS2_4.X136"
"LNS2_4","LNS2_4.X137"
"LNS2_4","LNS2_4.X138"
"LNS2_4","LNS2_4.X139"
"LNS2_4","LNS2_4.X140"
"LNS2_4","LNS2_4.X141"
"LNS2_4","LNS2_4.X142"
"LNS2_4","LNS2_4.X143"
"LNS2_4","LNS2_4.X144"
"LNS2_4","LNS2_4.X145"
"LNS2_4","LNS2_4.X146"
"LNS2_4","LNS2_4.X147"
"LNS2_4","LNS2_4.X148"
"LNS2_4","LNS2_4.X153"
"LNS2_4","LNS2_4.X154"
"LNS2_4","LNS2_4.X155"
"LNS2_4","LNS2_4.X156"
"LNS2_4","LNS2_4.X157"
"LNS2_4","LNS2_4.X158"
"LNS2_4","LNS2_4.X159"
"LNS2_4","LNS2_4.X161"
"LNS2_4","LNS2_4.X162"
"LNS2_4","LNS2_4.X163"
"LNS2_4","LNS2_4.X164"
"LNS2_4","LNS2_4.X165"
"LNS2_4","LNS2_4.X166"
"LNS2_4","LNS2_4.X167"
"LNS2_4","LNS2_4.X168"
"LNS2_4","LNS2_4.X169"
"LNS2_4","LNS2_4.X171"
"LNS2_4","LNS2_4.X173"
"LNS2_4","LNS2_4.X175"
"LNS2_4","LNS2_4.X177"
"LNS2_4","LNS2_4.X178"
"LNS2_4","LNS2_4.X180"
"LNS2_4","LNS2_4.X181"
"LNS2_4","LNS2_4.X184"
"LNS2_4","LNS2_4.X187"
"LNS2_4","LNS2_4.X189"
"LNS2_4","LNS2_4.X190"
"LNS2_4","LNS2_4.X191"
"LNS3_5","LNS3_5.X1"
"LNS3_5","LNS3_5.X2"
"LNS3_5","LNS3_5.X3"
"LNS3_5","LNS3_5.X4"
"LNS3_5","LNS3_5.X5"
"LNS3_5","LNS3_5.X6"
"LNS3_5","LNS3_5.X7"
"LNS3_5","LNS3_5.X8"
"LNS3_5","LNS3_5.X9"
"LNS3_5","LNS3_5.X10"
"LNS3_5","LNS3_5.X11"
"LNS3_5","LNS3_5.X12"
"LNS3_5","LNS3_5.X13"
"LNS3_5","LNS3_5.X14"
"LNS3_5","LNS3_5.X15"
"LNS3_5","LNS3_5.X16"
"LNS3_5","LNS3_5.X17"
"LNS3_5","LNS3_5.X19"
"LNS3_5","LNS3_5.X20"
"LNS3_5","LNS3_5.X21"
"LNS3_5","LNS3_5.X22"
"LNS3_5","LNS3_5.X23"
"LNS3_5","LNS3_5.X24"
"LNS3_5","LNS3_5.X25"
"LNS3_5","LNS3_5.X26"
"LNS3_5","LNS3_5.X27"
"LNS3_5","LNS3_5.X28"
"LNS3_5","LNS3_5.X29"
"LNS3_5","LNS3_5.X30"
"LNS3_5","LNS3_5.X32"
"LNS3_5","LNS3_5.X33"
"LNS3_5","LNS3_5.X34"
"LNS3_5","LNS3_5.X35"
"LNS3_5","LNS3_5.X37"
"LNS3_5","LNS3_5.X38"
"LNS3_5","LNS3_5.X39"
"LNS3_5","LNS3_5.X40"
"LNS3_5","LNS3_5.X42"
"LNS3_5","LNS3_5.X44"
"LNS3_5","LNS3_5.X45"
"LNS3_5","LNS3_5.X47"
"LNS3_5","LNS3_5.X49"
"LNS3_5","LNS3_5.X50"
"LNS3_5","LNS3_5.X52"
"LNS3_5","LNS3_5.X53"
"LNS3_5","LNS3_5.X54"
"LNS3_5","LNS3_5.X55"
"LNS3_5","LNS3_5.X56"
"LNS3_5","LNS3_5.X57"
"LNS3_5","LNS3_5.X58"
"LNS3_5","LNS3_5.X60"
"LNS3_5","LNS3_5.X61"
"LNS3_5","LNS3_5.X62"
"LNS3_5","LNS3_5.X63"
"LNS3_5","LNS3_5.X65"
"LNS3_5","LNS3_5.X66"
"LNS3_5","LNS3_5.X67"
"LNS3_5","LNS3_5.X68"
"LNS3_5","LNS3_5.X69"
"LNS3_5","LNS3_5.X71"
"LNS3_5","LNS3_5.X73"
"LNS3_5","LNS3_5.X74"
"LNS3_5","LNS3_5.X75"
"LNS3_5","LNS3_5.X76"
"LNS3_5","LNS3_5.X77"
"LNS3_5","LNS3_5.X78"
"LNS3_5","LNS3_5.X79"
"LNS3_5","LNS3_5.X81"
"LNS3_5","LNS3_5.X82"
"LNS3_5","LNS3_5.X83"
"LNS3_5","LNS3_5.X84"
"LNS3_5","LNS3_5.X85"
"LNS3_5","LNS3_5.X86"
"LNS3_5","LNS3_5.X87"
"LNS3_5","LNS3_5.X88"
"LNS3_5","LNS3_5.X90"
"LNS3_5","LNS3_5.X91"
"LNS3_5","LNS3_5.X92"
"LNS3_5","LNS3_5.X93"
"LNS3_5","LNS3_5.X94"
"LNS3_5","LNS3_5.X95"
"LNS3_5","LNS3_5.X96"
"LNS3_6","LNS3_6.X98"
"LNS3_6","LNS3_6.X99"
"LNS3_6","LNS3_6.X100"
"LNS3_6","LNS3_6.X101"
"LNS3_6","LNS3_6.X102"
"LNS3_6","LNS3_6.X103"
"LNS3_6","LNS3_6.X104"
"LNS3_6","LNS3_6.X106"
"LNS3_6","LNS3_6.X107"
"LNS3_6","LNS3_6.X109"
"LNS3_6","LNS3_6.X110"
"LNS3_6","LNS3_6.X111"
"LNS3_6","LNS3_6.X112"
"LNS3_6","LNS3_6.X113"
"LNS3_6","LNS3_6.X114"
"LNS3_6","LNS3_6.X115"
"LNS3_6","LNS3_6.X116"
"LNS3_6","LNS3_6.X117"
"LNS3_6","LNS3_6.X118"
"LNS3_6","LNS3_6.X119"
"LNS3_6","LNS3_6.X120"
"LNS3_6","LNS3_6.X121"
"LNS3_6","LNS3_6.X122"
"LNS3_6","LNS3_6.X124"
"LNS3_6","LNS3_6.X125"
"LNS3_6","LNS3_6.X126"
"LNS3_6","LNS3_6.X127"
"LNS3_6","LNS3_6.X128"
"LNS3_6","LNS3_6.X131"
"LNS3_6","LNS3_6.X132"
"LNS3_6","LNS3_6.X134"
"LNS3_6","LNS3_6.X138"
"LNS3_6","LNS3_6.X139"
"LNS3_6","LNS3_6.X141"
"LNS3_6","LNS3_6.X142"
"LNS3_6","LNS3_6.X143"
"LNS3_6","LNS3_6.X145"
"LNS3_6","LNS3_6.X148"
"LNS3_6","LNS3_6.X150"
"LNS3_6","LNS3_6.X152"
"LNS3_6","LNS3_6.X153"
"LNS3_6","LNS3_6.X154"
"LNS3_6","LNS3_6.X155"
"LNS3_6","LNS3_6.X156"
"LNS3_6","LNS3_6.X158"
"LNS3_6","LNS3_6.X159"
"LNS3_6","LNS3_6.X160"
"LNS3_6","LNS3_6.X162"
"LNS3_6","LNS3_6.X163"
"LNS3_6","LNS3_6.X165"
"LNS3_6","LNS3_6.X166"
"LNS3_6","LNS3_6.X167"
"LNS3_6","LNS3_6.X168"
"LNS3_6","LNS3_6.X169"
"LNS3_6","LNS3_6.X170"
"LNS3_6","LNS3_6.X171"
"LNS3_6","LNS3_6.X172"
"LNS3_6","LNS3_6.X173"
"LNS3_6","LNS3_6.X178"
"LNS3_6","LNS3_6.X181"
"LNS3_6","LNS3_6.X182"
"LNS3_6","LNS3_6.X183"
"LNS3_6","LNS3_6.X184"
"LNS3_6","LNS3_6.X185"
"LNS3_6","LNS3_6.X187"
"LNS3_6","LNS3_6.X188"
"LNS3_6","LNS3_6.X191"
"LNS3_7","LNS3_7.X1"
"LNS3_7","LNS3_7.X3"
"LNS3_7","LNS3_7.X6"
"LNS3_7","LNS3_7.X8"
"LNS3_7","LNS3_7.X9"
"LNS3_7","LNS3_7.X10"
"LNS3_7","LNS3_7.X11"
"LNS3_7","LNS3_7.X12"
"LNS3_7","LNS3_7.X13"
"LNS3_7","LNS3_7.X14"
"LNS3_7","LNS3_7.X15"
"LNS3_7","LNS3_7.X16"
"LNS3_7","LNS3_7.X17"
"LNS3_7","LNS3_7.X18"
"LNS3_7","LNS3_7.X19"
"LNS3_7","LNS3_7.X20"
"LNS3_7","LNS3_7.X22"
"LNS3_7","LNS3_7.X24"
"LNS3_7","LNS3_7.X26"
"LNS3_7","LNS3_7.X27"
"LNS3_7","LNS3_7.X28"
"LNS3_7","LNS3_7.X29"
"LNS3_7","LNS3_7.X30"
"LNS3_7","LNS3_7.X31"
"LNS3_7","LNS3_7.X32"
"LNS3_7","LNS3_7.X33"
"LNS3_7","LNS3_7.X35"
"LNS3_7","LNS3_7.X36"
"LNS3_7","LNS3_7.X37"
"LNS3_7","LNS3_7.X38"
"LNS3_7","LNS3_7.X39"
"LNS3_7","LNS3_7.X40"
"LNS3_7","LNS3_7.X41"
"LNS3_7","LNS3_7.X43"
"LNS3_7","LNS3_7.X44"
"LNS3_7","LNS3_7.X45"
"LNS3_7","LNS3_7.X46"
"LNS3_7","LNS3_7.X48"
"LNS3_7","LNS3_7.X49"
"LNS3_7","LNS3_7.X50"
"LNS3_7","LNS3_7.X51"
"LNS3_7","LNS3_7.X54"
"LNS3_7","LNS3_7.X55"
"LNS3_7","LNS3_7.X56"
"LNS3_7","LNS3_7.X58"
"LNS3_7","LNS3_7.X60"
"LNS3_7","LNS3_7.X61"
"LNS3_7","LNS3_7.X63"
"LNS3_7","LNS3_7.X65"
"LNS3_7","LNS3_7.X66"
"LNS3_7","LNS3_7.X68"
"LNS3_7","LNS3_7.X69"
"LNS3_7","LNS3_7.X71"
"LNS3_7","LNS3_7.X72"
"LNS3_7","LNS3_7.X73"
"LNS3_7","LNS3_7.X74"
"LNS3_7","LNS3_7.X75"
"LNS3_7","LNS3_7.X76"
"LNS3_7","LNS3_7.X77"
"LNS3_7","LNS3_7.X79"
"LNS3_7","LNS3_7.X80"
"LNS3_7","LNS3_7.X81"
"LNS3_7","LNS3_7.X83"
"LNS3_7","LNS3_7.X84"
"LNS3_7","LNS3_7.X86"
"LNS3_7","LNS3_7.X87"
"LNS3_7","LNS3_7.X88"
"LNS3_7","LNS3_7.X89"
"LNS3_7","LNS3_7.X91"
"LNS3_7","LNS3_7.X92"
"LNS3_7","LNS3_7.X93"
"LNS3_7","LNS3_7.X95"
"LNS3_7","LNS3_7.X96"
"LNS3_8","LNS3_8.X99"
"LNS3_8","LNS3_8.X100"
"LNS3_8","LNS3_8.X101"
"LNS3_8","LNS3_8.X102"
"LNS3_8","LNS3_8.X103"
"LNS3_8","LNS3_8.X104"
"LNS3_8","LNS3_8.X106"
"LNS3_8","LNS3_8.X107"
"LNS3_8","LNS3_8.X110"
"LNS3_8","LNS3_8.X111"
"LNS3_8","LNS3_8.X112"
"LNS3_8","LNS3_8.X113"
"LNS3_8","LNS3_8.X114"
"LNS3_8","LNS3_8.X115"
"LNS3_8","LNS3_8.X117"
"LNS3_8","LNS3_8.X120"
"LNS3_8","LNS3_8.X121"
"LNS3_8","LNS3_8.X122"
"LNS3_8","LNS3_8.X123"
"LNS3_8","LNS3_8.X124"
"LNS3_8","LNS3_8.X126"
"LNS3_8","LNS3_8.X128"
"LNS3_8","LNS3_8.X129"
"LNS3_8","LNS3_8.X130"
"LNS3_8","LNS3_8.X131"
"LNS3_8","LNS3_8.X134"
"LNS3_8","LNS3_8.X135"
"LNS3_8","LNS3_8.X136"
"LNS3_8","LNS3_8.X137"
"LNS3_8","LNS3_8.X138"
"LNS3_8","LNS3_8.X140"
"LNS3_8","LNS3_8.X141"
"LNS3_8","LNS3_8.X142"
"LNS3_8","LNS3_8.X143"
"LNS3_8","LNS3_8.X144"
"LNS3_8","LNS3_8.X146"
"LNS3_8","LNS3_8.X147"
"LNS3_8","LNS3_8.X148"
"LNS3_8","LNS3_8.X149"
"LNS3_8","LNS3_8.X150"
"LNS3_8","LNS3_8.X151"
"LNS3_8","LNS3_8.X152"
"LNS3_8","LNS3_8.X153"
"LNS3_8","LNS3_8.X154"
"LNS3_8","LNS3_8.X156"
"LNS3_8","LNS3_8.X157"
"LNS3_8","LNS3_8.X158"
"LNS3_8","LNS3_8.X159"
"LNS3_8","LNS3_8.X160"
"LNS3_8","LNS3_8.X161"
"LNS3_8","LNS3_8.X163"
"LNS3_8","LNS3_8.X165"
"LNS3_8","LNS3_8.X167"
"LNS3_8","LNS3_8.X168"
"LNS3_8","LNS3_8.X169"
"LNS3_8","LNS3_8.X171"
"LNS3_8","LNS3_8.X172"
"LNS3_8","LNS3_8.X173"
"LNS3_8","LNS3_8.X174"
"LNS3_8","LNS3_8.X175"
"LNS3_8","LNS3_8.X176"
"LNS3_8","LNS3_8.X177"
"LNS3_8","LNS3_8.X182"
"LNS3_8","LNS3_8.X185"
"LNS3_8","LNS3_8.X188"
"LNS3_8","LNS3_8.X191"
"LNS4_10","LNS4_10.X97"
"LNS4_10","LNS4_10.X98"
"LNS4_10","LNS4_10.X99"
"LNS4_10","LNS4_10.X100"
"LNS4_10","LNS4_10.X102"
"LNS4_10","LNS4_10.X103"
"LNS4_10","LNS4_10.X104"
"LNS4_10","LNS4_10.X105"
"LNS4_10","LNS4_10.X106"
"LNS4_10","LNS4_10.X107"
"LNS4_10","LNS4_10.X109"
"LNS4_10","LNS4_10.X110"
"LNS4_10","LNS4_10.X111"
"LNS4_10","LNS4_10.X112"
"LNS4_10","LNS4_10.X113"
"LNS4_10","LNS4_10.X116"
"LNS4_10","LNS4_10.X117"
"LNS4_10","LNS4_10.X118"
"LNS4_10","LNS4_10.X120"
"LNS4_10","LNS4_10.X121"
"LNS4_10","LNS4_10.X122"
"LNS4_10","LNS4_10.X123"
"LNS4_10","LNS4_10.X124"
"LNS4_10","LNS4_10.X125"
"LNS4_10","LNS4_10.X126"
"LNS4_10","LNS4_10.X127"
"LNS4_10","LNS4_10.X128"
"LNS4_10","LNS4_10.X129"
"LNS4_10","LNS4_10.X131"
"LNS4_10","LNS4_10.X132"
"LNS4_10","LNS4_10.X134"
"LNS4_10","LNS4_10.X136"
"LNS4_10","LNS4_10.X137"
"LNS4_10","LNS4_10.X138"
"LNS4_10","LNS4_10.X139"
"LNS4_10","LNS4_10.X140"
"LNS4_10","LNS4_10.X141"
"LNS4_10","LNS4_10.X142"
"LNS4_10","LNS4_10.X143"
"LNS4_10","LNS4_10.X144"
"LNS4_10","LNS4_10.X147"
"LNS4_10","LNS4_10.X148"
"LNS4_10","LNS4_10.X149"
"LNS4_10","LNS4_10.X152"
"LNS4_10","LNS4_10.X153"
"LNS4_10","LNS4_10.X155"
"LNS4_10","LNS4_10.X158"
"LNS4_10","LNS4_10.X159"
"LNS4_10","LNS4_10.X160"
"LNS4_10","LNS4_10.X162"
"LNS4_10","LNS4_10.X163"
"LNS4_10","LNS4_10.X166"
"LNS4_10","LNS4_10.X168"
"LNS4_10","LNS4_10.X169"
"LNS4_10","LNS4_10.X170"
"LNS4_10","LNS4_10.X171"
"LNS4_10","LNS4_10.X172"
"LNS4_10","LNS4_10.X175"
"LNS4_10","LNS4_10.X176"
"LNS4_10","LNS4_10.X177"
"LNS4_10","LNS4_10.X178"
"LNS4_10","LNS4_10.X179"
"LNS4_10","LNS4_10.X180"
"LNS4_10","LNS4_10.X182"
"LNS4_10","LNS4_10.X184"
"LNS4_10","LNS4_10.X185"
"LNS4_10","LNS4_10.X186"
"LNS4_10","LNS4_10.X188"
"LNS4_10","LNS4_10.X190"
"LNS4_10","LNS4_10.X192"
"LNS4_11","LNS4_11.X1"
"LNS4_11","LNS4_11.X2"
"LNS4_11","LNS4_11.X3"
"LNS4_11","LNS4_11.X4"
"LNS4_11","LNS4_11.X5"
"LNS4_11","LNS4_11.X6"
"LNS4_11","LNS4_11.X7"
"LNS4_11","LNS4_11.X8"
"LNS4_11","LNS4_11.X9"
"LNS4_11","LNS4_11.X10"
"LNS4_11","LNS4_11.X12"
"LNS4_11","LNS4_11.X13"
"LNS4_11","LNS4_11.X14"
"LNS4_11","LNS4_11.X15"
"LNS4_11","LNS4_11.X16"
"LNS4_11","LNS4_11.X20"
"LNS4_11","LNS4_11.X22"
"LNS4_11","LNS4_11.X23"
"LNS4_11","LNS4_11.X24"
"LNS4_11","LNS4_11.X25"
"LNS4_11","LNS4_11.X27"
"LNS4_11","LNS4_11.X28"
"LNS4_11","LNS4_11.X32"
"LNS4_11","LNS4_11.X33"
"LNS4_11","LNS4_11.X34"
"LNS4_11","LNS4_11.X35"
"LNS4_11","LNS4_11.X36"
"LNS4_11","LNS4_11.X37"
"LNS4_11","LNS4_11.X39"
"LNS4_11","LNS4_11.X41"
"LNS4_11","LNS4_11.X43"
"LNS4_11","LNS4_11.X44"
"LNS4_11","LNS4_11.X45"
"LNS4_11","LNS4_11.X46"
"LNS4_11","LNS4_11.X48"
"LNS4_11","LNS4_11.X49"
"LNS4_11","LNS4_11.X51"
"LNS4_11","LNS4_11.X52"
"LNS4_11","LNS4_11.X53"
"LNS4_11","LNS4_11.X54"
"LNS4_11","LNS4_11.X55"
"LNS4_11","LNS4_11.X56"
"LNS4_11","LNS4_11.X57"
"LNS4_11","LNS4_11.X59"
"LNS4_11","LNS4_11.X60"
"LNS4_11","LNS4_11.X62"
"LNS4_11","LNS4_11.X63"
"LNS4_11","LNS4_11.X64"
"LNS4_11","LNS4_11.X65"
"LNS4_11","LNS4_11.X66"
"LNS4_11","LNS4_11.X67"
"LNS4_11","LNS4_11.X68"
"LNS4_11","LNS4_11.X69"
"LNS4_11","LNS4_11.X70"
"LNS4_11","LNS4_11.X71"
"LNS4_11","LNS4_11.X72"
"LNS4_11","LNS4_11.X73"
"LNS4_11","LNS4_11.X74"
"LNS4_11","LNS4_11.X75"
"LNS4_11","LNS4_11.X76"
"LNS4_11","LNS4_11.X78"
"LNS4_11","LNS4_11.X79"
"LNS4_11","LNS4_11.X80"
"LNS4_11","LNS4_11.X81"
"LNS4_11","LNS4_11.X83"
"LNS4_11","LNS4_11.X84"
"LNS4_11","LNS4_11.X85"
"LNS4_11","LNS4_11.X86"
"LNS4_11","LNS4_11.X90"
"LNS4_11","LNS4_11.X91"
"LNS4_11","LNS4_11.X92"
"LNS4_11","LNS4_11.X93"
"LNS4_11","LNS4_11.X94"
"LNS4_11","LNS4_11.X96"
"LNS4_12","LNS4_12.X99"
"LNS4_12","LNS4_12.X101"
"LNS4_12","LNS4_12.X103"
"LNS4_12","LNS4_12.X104"
"LNS4_12","LNS4_12.X105"
"LNS4_12","LNS4_12.X107"
"LNS4_12","LNS4_12.X108"
"LNS4_12","LNS4_12.X109"
"LNS4_12","LNS4_12.X111"
"LNS4_12","LNS4_12.X113"
"LNS4_12","LNS4_12.X115"
"LNS4_12","LNS4_12.X116"
"LNS4_12","LNS4_12.X117"
"LNS4_12","LNS4_12.X118"
"LNS4_12","LNS4_12.X119"
"LNS4_12","LNS4_12.X120"
"LNS4_12","LNS4_12.X122"
"LNS4_12","LNS4_12.X124"
"LNS4_12","LNS4_12.X125"
"LNS4_12","LNS4_12.X126"
"LNS4_12","LNS4_12.X127"
"LNS4_12","LNS4_12.X129"
"LNS4_12","LNS4_12.X131"
"LNS4_12","LNS4_12.X132"
"LNS4_12","LNS4_12.X133"
"LNS4_12","LNS4_12.X134"
"LNS4_12","LNS4_12.X135"
"LNS4_12","LNS4_12.X136"
"LNS4_12","LNS4_12.X137"
"LNS4_12","LNS4_12.X139"
"LNS4_12","LNS4_12.X141"
"LNS4_12","LNS4_12.X142"
"LNS4_12","LNS4_12.X143"
"LNS4_12","LNS4_12.X144"
"LNS4_12","LNS4_12.X146"
"LNS4_12","LNS4_12.X147"
"LNS4_12","LNS4_12.X148"
"LNS4_12","LNS4_12.X149"
"LNS4_12","LNS4_12.X150"
"LNS4_12","LNS4_12.X151"
"LNS4_12","LNS4_12.X152"
"LNS4_12","LNS4_12.X153"
"LNS4_12","LNS4_12.X154"
"LNS4_12","LNS4_12.X157"
"LNS4_12","LNS4_12.X158"
"LNS4_12","LNS4_12.X159"
"LNS4_12","LNS4_12.X160"
"LNS4_12","LNS4_12.X161"
"LNS4_12","LNS4_12.X163"
"LNS4_12","LNS4_12.X164"
"LNS4_12","LNS4_12.X165"
"LNS4_12","LNS4_12.X166"
"LNS4_12","LNS4_12.X167"
"LNS4_12","LNS4_12.X168"
"LNS4_12","LNS4_12.X169"
"LNS4_12","LNS4_12.X170"
"LNS4_12","LNS4_12.X171"
"LNS4_12","LNS4_12.X172"
"LNS4_12","LNS4_12.X173"
"LNS4_12","LNS4_12.X174"
"LNS4_12","LNS4_12.X175"
"LNS4_12","LNS4_12.X176"
"LNS4_12","LNS4_12.X180"
"LNS4_12","LNS4_12.X181"
"LNS4_12","LNS4_12.X182"
"LNS4_12","LNS4_12.X183"
"LNS4_12","LNS4_12.X184"
"LNS4_12","LNS4_12.X185"
"LNS4_12","LNS4_12.X186"
"LNS4_12","LNS4_12.X188"
"LNS4_12","LNS4_12.X189"
"LNS4_12","LNS4_12.X191"
"LNS4_9","LNS4_9.X2"
"LNS4_9","LNS4_9.X3"
"LNS4_9","LNS4_9.X4"
"LNS4_9","LNS4_9.X5"
"LNS4_9","LNS4_9.X8"
"LNS4_9","LNS4_9.X10"
"LNS4_9","LNS4_9.X11"
"LNS4_9","LNS4_9.X13"
"LNS4_9","LNS4_9.X14"
"LNS4_9","LNS4_9.X16"
"LNS4_9","LNS4_9.X17"
"LNS4_9","LNS4_9.X20"
"LNS4_9","LNS4_9.X21"
"LNS4_9","LNS4_9.X24"
"LNS4_9","LNS4_9.X25"
"LNS4_9","LNS4_9.X26"
"LNS4_9","LNS4_9.X27"
"LNS4_9","LNS4_9.X28"
"LNS4_9","LNS4_9.X29"
"LNS4_9","LNS4_9.X31"
"LNS4_9","LNS4_9.X32"
"LNS4_9","LNS4_9.X33"
"LNS4_9","LNS4_9.X35"
"LNS4_9","LNS4_9.X36"
"LNS4_9","LNS4_9.X37"
"LNS4_9","LNS4_9.X38"
"LNS4_9","LNS4_9.X39"
"LNS4_9","LNS4_9.X40"
"LNS4_9","LNS4_9.X41"
"LNS4_9","LNS4_9.X42"
"LNS4_9","LNS4_9.X43"
"LNS4_9","LNS4_9.X44"
"LNS4_9","LNS4_9.X45"
"LNS4_9","LNS4_9.X46"
"LNS4_9","LNS4_9.X51"
"LNS4_9","LNS4_9.X54"
"LNS4_9","LNS4_9.X55"
"LNS4_9","LNS4_9.X56"
"LNS4_9","LNS4_9.X57"
"LNS4_9","LNS4_9.X58"
"LNS4_9","LNS4_9.X59"
"LNS4_9","LNS4_9.X60"
"LNS4_9","LNS4_9.X61"
"LNS4_9","LNS4_9.X62"
"LNS4_9","LNS4_9.X63"
"LNS4_9","LNS4_9.X65"
"LNS4_9","LNS4_9.X66"
"LNS4_9","LNS4_9.X68"
"LNS4_9","LNS4_9.X69"
"LNS4_9","LNS4_9.X71"
"LNS4_9","LNS4_9.X72"
"LNS4_9","LNS4_9.X73"
"LNS4_9","LNS4_9.X74"
"LNS4_9","LNS4_9.X75"
"LNS4_9","LNS4_9.X76"
"LNS4_9","LNS4_9.X78"
"LNS4_9","LNS4_9.X79"
"LNS4_9","LNS4_9.X80"
"LNS4_9","LNS4_9.X82"
"LNS4_9","LNS4_9.X83"
"LNS4_9","LNS4_9.X84"
"LNS4_9","LNS4_9.X85"
"LNS4_9","LNS4_9.X86"
"LNS4_9","LNS4_9.X87"
"LNS4_9","LNS4_9.X88"
"LNS4_9","LNS4_9.X89"
"LNS4_9","LNS4_9.X90"
"LNS4_9","LNS4_9.X91"
"LNS4_9","LNS4_9.X92"
"LNS4_9","LNS4_9.X94"
"LNS4_9","LNS4_9.X96"
